total_cases,new_cases,total_deaths,new_deaths,total_cases_per_million,new_cases_per_million,total_deaths_per_million,new_deaths_per_million,new_tests,total_tests,total_tests_per_thousand,new_tests_per_thousand,positive_rate,tests_per_case,total_vaccinations,people_vaccinated,people_fully_vaccinated,total_boosters,total_vaccinations_per_hundred,people_vaccinated_per_hundred,people_fully_vaccinated_per_hundred,total_boosters_per_hundred,stringency_index,population_density,reproduction_rate
179.0,33.0,0.0,0.0,17.618,3.248,0.0,0.0,0.0,0.0,0.0,0.0,0.0,0.0,0.0,0.0,0.0,0.0,0.0,0.0,0.0,0.0,19.44,24.718,2.26
225.0,46.0,0.0,0.0,22.145,4.527,0.0,0.0,0.0,0.0,0.0,0.0,0.0,0.0,0.0,0.0,0.0,0.0,0.0,0.0,0.0,0.0,19.44,24.718,2.26
326.0,101.0,0.0,0.0,32.086,9.941,0.0,0.0,0.0,0.0,0.0,0.0,0.0,0.0,0.0,0.0,0.0,0.0,0.0,0.0,0.0,0.0,19.44,24.718,2.24
424.0,98.0,1.0,1.0,41.732,9.646,0.098,0.098,0.0,0.0,0.0,0.0,0.0,0.0,0.0,0.0,0.0,0.0,0.0,0.0,0.0,0.0,19.44,24.718,2.2
620.0,196.0,1.0,0.0,61.023,19.291,0.098,0.0,0.0,0.0,0.0,0.0,0.0,0.0,0.0,0.0,0.0,0.0,0.0,0.0,0.0,0.0,19.44,24.718,2.15
771.0,151.0,2.0,1.0,75.885,14.862,0.197,0.098,0.0,0.0,0.0,0.0,0.0,0.0,0.0,0.0,0.0,0.0,0.0,0.0,0.0,0.0,30.56,24.718,2.06
923.0,152.0,3.0,1.0,90.845,14.96,0.295,0.098,0.0,0.0,0.0,0.0,0.0,0.0,0.0,0.0,0.0,0.0,0.0,0.0,0.0,0.0,30.56,24.718,1.97
994.0,71.0,5.0,2.0,97.833,6.988,0.492,0.197,0.0,0.0,0.0,0.0,0.0,0.0,0.0,0.0,0.0,0.0,0.0,0.0,0.0,0.0,30.56,24.718,1.89
1063.0,69.0,7.0,2.0,104.624,6.791,0.689,0.197,0.0,0.0,0.0,0.0,0.0,0.0,0.0,0.0,0.0,0.0,0.0,0.0,0.0,0.0,30.56,24.718,1.81
1146.0,83.0,8.0,1.0,112.794,8.169,0.787,0.098,0.0,0.0,0.0,0.0,0.0,0.0,0.0,0.0,0.0,0.0,0.0,0.0,0.0,0.0,34.26,24.718,1.74
1265.0,119.0,14.0,6.0,124.506,11.712,1.378,0.591,0.0,0.0,0.0,0.0,0.0,0.0,0.0,0.0,0.0,0.0,0.0,0.0,0.0,0.0,41.67,24.718,1.7
1410.0,145.0,21.0,7.0,138.777,14.271,2.067,0.689,0.0,0.0,0.0,0.0,0.0,0.0,0.0,0.0,0.0,0.0,0.0,0.0,0.0,0.0,41.67,24.718,1.67
1553.0,143.0,30.0,9.0,152.852,14.075,2.953,0.886,0.0,0.0,0.0,0.0,0.0,0.0,0.0,0.0,0.0,0.0,0.0,0.0,0.0,0.0,47.22,24.718,1.66
1733.0,180.0,38.0,8.0,170.568,17.716,3.74,0.787,0.0,0.0,0.0,0.0,0.0,0.0,0.0,0.0,0.0,0.0,0.0,0.0,0.0,0.0,47.22,24.718,1.65
1868.0,135.0,49.0,11.0,183.855,13.287,4.823,1.083,0.0,0.0,0.0,0.0,0.0,0.0,0.0,0.0,0.0,0.0,0.0,0.0,0.0,0.0,47.22,24.718,1.64
1986.0,118.0,60.0,11.0,195.469,11.614,5.905,1.083,0.0,0.0,0.0,0.0,0.0,0.0,0.0,0.0,0.0,0.0,0.0,0.0,0.0,0.0,47.22,24.718,1.63
2168.0,182.0,81.0,21.0,213.382,17.913,7.972,2.067,0.0,0.0,0.0,0.0,0.0,0.0,0.0,0.0,0.0,0.0,0.0,0.0,0.0,0.0,47.22,24.718,1.63
2398.0,230.0,103.0,22.0,236.02,22.637,10.138,2.165,0.0,0.0,0.0,0.0,0.0,0.0,0.0,0.0,0.0,0.0,0.0,0.0,0.0,0.0,47.22,24.718,1.62
2712.0,314.0,134.0,31.0,266.925,30.905,13.189,3.051,0.0,0.0,0.0,0.0,0.0,0.0,0.0,0.0,0.0,0.0,0.0,0.0,0.0,0.0,50.93,24.718,1.62
2998.0,286.0,166.0,32.0,295.074,28.149,16.338,3.15,0.0,0.0,0.0,0.0,0.0,0.0,0.0,0.0,0.0,0.0,0.0,0.0,0.0,0.0,50.93,24.718,1.62
3363.0,365.0,201.0,35.0,330.999,35.925,19.783,3.445,0.0,0.0,0.0,0.0,0.0,0.0,0.0,0.0,0.0,0.0,0.0,0.0,0.0,0.0,50.93,24.718,1.61
3663.0,300.0,239.0,38.0,360.526,29.527,23.523,3.74,0.0,0.0,0.0,0.0,0.0,0.0,0.0,0.0,0.0,0.0,0.0,0.0,0.0,0.0,50.93,24.718,1.6
3943.0,280.0,284.0,45.0,388.084,27.559,27.952,4.429,0.0,0.0,0.0,0.0,0.0,0.0,0.0,0.0,0.0,0.0,0.0,0.0,0.0,0.0,59.26,24.718,1.58
4359.0,416.0,332.0,48.0,429.029,40.944,32.677,4.724,0.0,0.0,0.0,0.0,0.0,0.0,0.0,0.0,0.0,0.0,0.0,0.0,0.0,0.0,59.26,24.718,1.56
4834.0,475.0,385.0,53.0,475.78,46.751,37.893,5.216,0.0,0.0,0.0,0.0,0.0,0.0,0.0,0.0,0.0,0.0,0.0,0.0,0.0,0.0,59.26,24.718,1.53
5320.0,486.0,455.0,70.0,523.614,47.834,44.783,6.89,0.0,0.0,0.0,0.0,0.0,0.0,0.0,0.0,0.0,0.0,0.0,0.0,0.0,0.0,64.81,24.718,1.5
5874.0,554.0,535.0,80.0,578.141,54.527,52.657,7.874,0.0,0.0,0.0,0.0,0.0,0.0,0.0,0.0,0.0,0.0,0.0,0.0,0.0,0.0,64.81,24.718,1.47
6475.0,601.0,605.0,70.0,637.293,59.153,59.546,6.89,0.0,0.0,0.0,0.0,0.0,0.0,0.0,0.0,0.0,0.0,0.0,0.0,0.0,0.0,64.81,24.718,1.44
6832.0,357.0,373.0,-232.0,672.43,35.137,36.712,-22.834,0.0,0.0,0.0,0.0,0.0,0.0,0.0,0.0,0.0,0.0,0.0,0.0,0.0,0.0,64.81,24.718,1.41
7172.0,340.0,401.0,28.0,705.894,33.464,39.468,2.756,0.0,0.0,0.0,0.0,0.0,0.0,0.0,0.0,0.0,0.0,0.0,0.0,0.0,0.0,64.81,24.718,1.38
7561.0,389.0,477.0,76.0,744.181,38.287,46.948,7.48,0.0,0.0,0.0,0.0,0.0,0.0,0.0,0.0,0.0,0.0,0.0,0.0,0.0,0.0,64.81,24.718,1.35
8299.0,738.0,591.0,114.0,816.818,72.637,58.168,11.22,0.0,0.0,0.0,0.0,0.0,0.0,0.0,0.0,0.0,0.0,0.0,0.0,0.0,0.0,64.81,24.718,1.33
8954.0,655.0,687.0,96.0,881.285,64.467,67.617,9.449,0.0,0.0,0.0,0.0,0.0,0.0,0.0,0.0,0.0,0.0,0.0,0.0,0.0,0.0,64.81,24.718,1.3
9599.0,645.0,793.0,106.0,944.769,63.483,78.05,10.433,0.0,0.0,0.0,0.0,0.0,0.0,0.0,0.0,0.0,0.0,0.0,0.0,0.0,0.0,64.81,24.718,1.27
10053.0,454.0,870.0,77.0,989.453,44.684,85.629,7.579,0.0,0.0,0.0,0.0,0.0,0.0,0.0,0.0,0.0,0.0,0.0,0.0,0.0,0.0,64.81,24.718,1.24
10448.0,395.0,887.0,17.0,1028.33,38.877,87.302,1.673,0.0,0.0,0.0,0.0,0.0,0.0,0.0,0.0,0.0,0.0,0.0,0.0,0.0,0.0,64.81,24.718,1.22
10912.0,464.0,899.0,12.0,1073.999,45.669,88.483,1.181,0.0,0.0,0.0,0.0,0.0,0.0,0.0,0.0,0.0,0.0,0.0,0.0,0.0,0.0,64.81,24.718,1.21
11349.0,437.0,919.0,20.0,1117.01,43.011,90.451,1.968,0.0,0.0,0.0,0.0,0.0,0.0,0.0,0.0,0.0,0.0,0.0,0.0,0.0,0.0,64.81,24.718,1.19
11828.0,479.0,1033.0,114.0,1164.155,47.145,101.672,11.22,0.0,0.0,0.0,0.0,0.0,0.0,0.0,0.0,0.0,0.0,0.0,0.0,0.0,0.0,64.81,24.718,1.17
12432.0,604.0,1203.0,170.0,1223.603,59.448,118.404,16.732,0.0,0.0,0.0,0.0,0.0,0.0,0.0,0.0,0.0,0.0,0.0,0.0,0.0,0.0,64.81,24.718,1.16
13055.0,623.0,1333.0,130.0,1284.921,61.318,131.199,12.795,0.0,0.0,0.0,0.0,0.0,0.0,0.0,0.0,0.0,0.0,0.0,0.0,0.0,0.0,64.81,24.718,1.15
13743.0,688.0,1400.0,67.0,1352.636,67.715,137.793,6.594,0.0,0.0,0.0,0.0,0.0,0.0,0.0,0.0,0.0,0.0,0.0,0.0,0.0,0.0,64.81,24.718,1.15
14275.0,532.0,1511.0,111.0,1404.998,52.361,148.718,10.925,0.0,0.0,0.0,0.0,0.0,0.0,0.0,0.0,0.0,0.0,0.0,0.0,0.0,0.0,64.81,24.718,1.15
14663.0,388.0,1540.0,29.0,1443.186,38.188,151.572,2.854,0.0,0.0,0.0,0.0,0.0,0.0,0.0,0.0,0.0,0.0,0.0,0.0,0.0,0.0,64.81,24.718,1.14
15124.0,461.0,1580.0,40.0,1488.559,45.373,155.509,3.937,0.0,0.0,0.0,0.0,0.0,0.0,0.0,0.0,0.0,0.0,0.0,0.0,0.0,0.0,64.81,24.718,1.13
15831.0,707.0,1765.0,185.0,1558.145,69.586,173.718,18.208,0.0,0.0,0.0,0.0,0.0,0.0,0.0,0.0,0.0,0.0,0.0,0.0,0.0,0.0,64.81,24.718,1.12
16553.0,722.0,1937.0,172.0,1629.207,71.062,190.647,16.929,0.0,0.0,0.0,0.0,0.0,0.0,0.0,0.0,0.0,0.0,0.0,0.0,0.0,0.0,64.81,24.718,1.11
17311.0,758.0,2021.0,84.0,1703.812,74.605,198.914,8.268,0.0,0.0,0.0,0.0,0.0,0.0,0.0,0.0,0.0,0.0,0.0,0.0,0.0,0.0,64.81,24.718,1.1
18090.0,779.0,2152.0,131.0,1780.484,76.672,211.808,12.893,0.0,0.0,0.0,0.0,0.0,0.0,0.0,0.0,0.0,0.0,0.0,0.0,0.0,0.0,64.81,24.718,1.09
18563.0,473.0,2192.0,40.0,1827.038,46.554,215.745,3.937,0.0,0.0,0.0,0.0,0.0,0.0,0.0,0.0,0.0,0.0,0.0,0.0,0.0,0.0,64.81,24.718,1.08
18863.0,300.0,2194.0,2.0,1856.565,29.527,215.942,0.197,0.0,0.0,0.0,0.0,0.0,0.0,0.0,0.0,0.0,0.0,0.0,0.0,0.0,0.0,64.81,24.718,1.07
19426.0,563.0,2274.0,80.0,1911.978,55.413,223.815,7.874,0.0,0.0,0.0,0.0,0.0,0.0,0.0,0.0,0.0,0.0,0.0,0.0,0.0,0.0,64.81,24.718,1.06
20168.0,742.0,2355.0,81.0,1985.008,73.03,231.788,7.972,0.0,0.0,0.0,0.0,0.0,0.0,0.0,0.0,0.0,0.0,0.0,0.0,0.0,0.0,64.81,24.718,1.05
20966.0,798.0,2462.0,107.0,2063.55,78.542,242.319,10.531,0.0,0.0,0.0,0.0,0.0,0.0,0.0,0.0,0.0,0.0,0.0,0.0,0.0,0.0,64.81,24.718,1.03
21601.0,635.0,2586.0,124.0,2126.049,62.499,254.524,12.205,0.0,0.0,0.0,0.0,0.0,0.0,0.0,0.0,0.0,0.0,0.0,0.0,0.0,0.0,64.81,24.718,1.02
22133.0,532.0,2653.0,67.0,2178.411,52.361,261.118,6.594,0.0,0.0,0.0,0.0,0.0,0.0,0.0,0.0,0.0,0.0,0.0,0.0,0.0,0.0,64.81,24.718,1.01
22432.0,299.0,2669.0,16.0,2207.839,29.429,262.693,1.575,0.0,0.0,0.0,0.0,0.0,0.0,0.0,0.0,0.0,0.0,0.0,0.0,0.0,0.0,64.81,24.718,1.01
22693.0,261.0,2679.0,10.0,2233.528,25.689,263.677,0.984,0.0,0.0,0.0,0.0,0.0,0.0,0.0,0.0,0.0,0.0,0.0,0.0,0.0,0.0,64.81,24.718,1.01
23169.0,476.0,2769.0,90.0,2280.378,46.85,272.535,8.858,0.0,0.0,0.0,0.0,0.0,0.0,0.0,0.0,0.0,0.0,0.0,0.0,0.0,0.0,64.81,24.718,1.02
23826.0,657.0,2854.0,85.0,2345.042,64.664,280.901,8.366,0.0,0.0,0.0,0.0,0.0,0.0,0.0,0.0,0.0,0.0,0.0,0.0,0.0,0.0,64.81,24.718,1.02
24572.0,746.0,2941.0,87.0,2418.466,73.424,289.464,8.563,0.0,0.0,0.0,0.0,0.0,0.0,0.0,0.0,0.0,0.0,0.0,0.0,0.0,0.0,64.81,24.718,1.03
25359.0,787.0,3040.0,99.0,2495.926,77.459,299.208,9.744,0.0,0.0,0.0,0.0,0.0,0.0,0.0,0.0,0.0,0.0,0.0,0.0,0.0,0.0,64.81,24.718,1.03
26059.0,700.0,3175.0,135.0,2564.822,68.897,312.495,13.287,0.0,0.0,0.0,0.0,0.0,0.0,0.0,0.0,0.0,0.0,0.0,0.0,0.0,0.0,64.81,24.718,1.03
26568.0,509.0,3220.0,45.0,2614.92,50.098,316.924,4.429,0.0,0.0,0.0,0.0,0.0,0.0,0.0,0.0,0.0,0.0,0.0,0.0,0.0,0.0,64.81,24.718,1.03
26846.0,278.0,3225.0,5.0,2642.281,27.362,317.416,0.492,0.0,0.0,0.0,0.0,0.0,0.0,0.0,0.0,0.0,0.0,0.0,0.0,0.0,0.0,64.81,24.718,1.02
27301.0,455.0,3256.0,31.0,2687.064,44.783,320.467,3.051,0.0,0.0,0.0,0.0,0.0,0.0,0.0,0.0,0.0,0.0,0.0,0.0,0.0,0.0,64.81,24.718,1.02
28055.0,754.0,3313.0,57.0,2761.276,74.211,326.078,5.61,0.0,0.0,0.0,0.0,0.0,0.0,0.0,0.0,0.0,0.0,0.0,0.0,0.0,0.0,64.81,24.718,1.01
28755.0,700.0,3460.0,147.0,2830.172,68.897,340.546,14.468,0.0,0.0,0.0,0.0,0.0,0.0,0.0,0.0,0.0,0.0,0.0,0.0,0.0,0.0,64.81,24.718,1.01
29415.0,660.0,3529.0,69.0,2895.132,64.96,347.337,6.791,0.0,0.0,0.0,0.0,0.0,0.0,0.0,0.0,0.0,0.0,0.0,0.0,0.0,0.0,64.81,24.718,1.01
30103.0,688.0,3646.0,117.0,2962.847,67.715,358.853,11.516,0.0,0.0,0.0,0.0,0.0,0.0,0.0,0.0,0.0,0.0,0.0,0.0,0.0,0.0,64.81,24.718,1.01
30461.0,358.0,3674.0,28.0,2998.083,35.236,361.609,2.756,0.0,0.0,0.0,0.0,0.0,0.0,0.0,0.0,0.0,0.0,0.0,0.0,0.0,0.0,64.81,24.718,1.01
30720.0,259.0,3679.0,5.0,3023.575,25.492,362.101,0.492,0.0,0.0,0.0,0.0,0.0,0.0,0.0,0.0,0.0,0.0,0.0,0.0,0.0,0.0,64.81,24.718,1.01
31151.0,431.0,3698.0,19.0,3065.995,42.421,363.971,1.87,0.0,0.0,0.0,0.0,0.0,0.0,0.0,0.0,0.0,0.0,0.0,0.0,0.0,0.0,64.81,24.718,1.01
31818.0,667.0,3743.0,45.0,3131.644,65.649,368.4,4.429,0.0,0.0,0.0,0.0,0.0,0.0,0.0,0.0,0.0,0.0,0.0,0.0,0.0,0.0,64.81,24.718,1.02
32626.0,808.0,3831.0,88.0,3211.17,79.526,377.061,8.661,0.0,0.0,0.0,0.0,0.0,0.0,0.0,0.0,0.0,0.0,0.0,0.0,0.0,0.0,64.81,24.718,1.02
33236.0,610.0,3871.0,40.0,3271.209,60.038,380.998,3.937,0.0,0.0,0.0,0.0,0.0,0.0,0.0,0.0,0.0,0.0,0.0,0.0,0.0,0.0,64.81,24.718,1.02
33768.0,532.0,3925.0,54.0,3323.57,52.361,386.313,5.315,0.0,0.0,0.0,0.0,0.0,0.0,0.0,0.0,0.0,0.0,0.0,0.0,0.0,0.0,64.81,24.718,1.03
34171.0,403.0,3992.0,67.0,3363.235,39.665,392.907,6.594,0.0,0.0,0.0,0.0,0.0,0.0,0.0,0.0,0.0,0.0,0.0,0.0,0.0,0.0,64.81,24.718,1.04
34381.0,210.0,3998.0,6.0,3383.904,20.669,393.498,0.591,0.0,0.0,0.0,0.0,0.0,0.0,0.0,0.0,0.0,0.0,0.0,0.0,0.0,0.0,64.81,24.718,1.06
34871.0,490.0,4029.0,31.0,3432.131,48.228,396.549,3.051,0.0,0.0,0.0,0.0,0.0,0.0,0.0,0.0,0.0,0.0,0.0,0.0,0.0,0.0,64.81,24.718,1.07
35617.0,746.0,4125.0,96.0,3505.555,73.424,405.998,9.449,0.0,0.0,0.0,0.0,0.0,0.0,0.0,0.0,0.0,0.0,0.0,0.0,0.0,0.0,64.81,24.718,1.08
36417.0,800.0,4220.0,95.0,3584.294,78.739,415.348,9.35,0.0,0.0,0.0,0.0,0.0,0.0,0.0,0.0,0.0,0.0,0.0,0.0,0.0,0.0,64.81,24.718,1.1
37191.0,774.0,4266.0,46.0,3660.474,76.18,419.875,4.527,0.0,0.0,0.0,0.0,0.0,0.0,0.0,0.0,0.0,0.0,0.0,0.0,0.0,0.0,64.81,24.718,1.11
37964.0,773.0,4350.0,84.0,3736.556,76.081,428.143,8.268,0.0,0.0,0.0,0.0,0.0,0.0,0.0,0.0,0.0,0.0,0.0,0.0,0.0,0.0,64.81,24.718,1.12
38396.0,432.0,4395.0,45.0,3779.075,42.519,432.572,4.429,0.0,0.0,0.0,0.0,0.0,0.0,0.0,0.0,0.0,0.0,0.0,0.0,0.0,0.0,64.81,24.718,1.13
38661.0,265.0,4395.0,0.0,3805.157,26.082,432.572,0.0,0.0,0.0,0.0,0.0,0.0,0.0,0.0,0.0,0.0,0.0,0.0,0.0,0.0,0.0,64.81,24.718,1.14
39309.0,648.0,4403.0,8.0,3868.936,63.779,433.359,0.787,0.0,0.0,0.0,0.0,0.0,0.0,0.0,0.0,0.0,0.0,0.0,0.0,0.0,0.0,64.81,24.718,1.16
40210.0,901.0,4468.0,65.0,3957.615,88.68,439.757,6.398,0.0,0.0,0.0,0.0,0.0,0.0,0.0,0.0,0.0,0.0,0.0,0.0,0.0,0.0,64.81,24.718,1.17
41256.0,1046.0,4542.0,74.0,4060.566,102.951,447.04,7.283,0.0,0.0,0.0,0.0,0.0,0.0,0.0,0.0,0.0,0.0,0.0,0.0,0.0,0.0,64.81,24.718,1.18
42295.0,1039.0,4562.0,20.0,4162.829,102.262,449.009,1.968,0.0,0.0,0.0,0.0,0.0,0.0,0.0,0.0,0.0,0.0,0.0,0.0,0.0,0.0,64.81,24.718,1.18
43441.0,1146.0,4639.0,77.0,4275.622,112.794,456.587,7.579,0.0,0.0,0.0,0.0,0.0,0.0,0.0,0.0,0.0,0.0,0.0,0.0,0.0,0.0,64.81,24.718,1.19
44224.0,783.0,4656.0,17.0,4352.688,77.066,458.261,1.673,0.0,0.0,0.0,0.0,0.0,0.0,0.0,0.0,0.0,0.0,0.0,0.0,0.0,0.0,64.81,24.718,1.18
44686.0,462.0,4659.0,3.0,4398.16,45.472,458.556,0.295,0.0,0.0,0.0,0.0,0.0,0.0,0.0,0.0,0.0,0.0,0.0,0.0,0.0,0.0,64.81,24.718,1.18
45363.0,677.0,4694.0,35.0,4464.792,66.633,462.001,3.445,0.0,0.0,0.0,0.0,0.0,0.0,0.0,0.0,0.0,0.0,0.0,0.0,0.0,0.0,64.81,24.718,1.17
46299.0,936.0,4717.0,23.0,4556.917,92.125,464.264,2.264,0.0,0.0,0.0,0.0,0.0,0.0,0.0,0.0,0.0,0.0,0.0,0.0,0.0,0.0,64.81,24.718,1.17
47736.0,1437.0,4795.0,78.0,4698.352,141.435,471.941,7.677,0.0,0.0,0.0,0.0,0.0,0.0,0.0,0.0,0.0,0.0,0.0,0.0,0.0,0.0,64.81,24.718,1.17
49030.0,1294.0,4814.0,19.0,4825.712,127.36,473.811,1.87,0.0,0.0,0.0,0.0,0.0,0.0,0.0,0.0,0.0,0.0,0.0,0.0,0.0,0.0,64.81,24.718,1.16
50367.0,1337.0,4854.0,40.0,4957.304,131.592,477.748,3.937,0.0,0.0,0.0,0.0,0.0,0.0,0.0,0.0,0.0,0.0,0.0,0.0,0.0,0.0,64.81,24.718,1.15
51409.0,1042.0,4874.0,20.0,5059.862,102.557,479.717,1.968,0.0,0.0,0.0,0.0,0.0,0.0,0.0,0.0,0.0,0.0,0.0,0.0,0.0,0.0,59.26,24.718,1.14
51827.0,418.0,4874.0,0.0,5101.003,41.141,479.717,0.0,0.0,0.0,0.0,0.0,0.0,0.0,0.0,0.0,0.0,0.0,0.0,0.0,0.0,0.0,59.26,24.718,1.12
52511.0,684.0,4891.0,17.0,5168.325,67.322,481.39,1.673,0.0,0.0,0.0,0.0,0.0,0.0,0.0,0.0,0.0,0.0,0.0,0.0,0.0,0.0,59.26,24.718,1.1
53729.0,1218.0,4939.0,48.0,5288.205,119.88,486.114,4.724,0.0,0.0,0.0,0.0,0.0,0.0,0.0,0.0,0.0,0.0,0.0,0.0,0.0,0.0,59.26,24.718,1.09
55186.0,1457.0,5041.0,102.0,5431.608,143.403,496.154,10.039,0.0,0.0,0.0,0.0,0.0,0.0,0.0,0.0,0.0,0.0,0.0,0.0,0.0,0.0,59.26,24.718,1.08
56682.0,1496.0,5053.0,12.0,5578.85,147.242,497.335,1.181,0.0,0.0,0.0,0.0,0.0,0.0,0.0,0.0,0.0,0.0,0.0,0.0,0.0,0.0,59.26,24.718,1.06
57895.0,1213.0,5053.0,0.0,5698.238,119.388,497.335,0.0,0.0,0.0,0.0,0.0,0.0,0.0,0.0,0.0,0.0,0.0,0.0,0.0,0.0,0.0,59.26,24.718,1.05
58597.0,702.0,5053.0,0.0,5767.331,69.093,497.335,0.0,0.0,0.0,0.0,0.0,0.0,0.0,0.0,0.0,0.0,0.0,0.0,0.0,0.0,0.0,59.26,24.718,1.03
58918.0,321.0,5053.0,0.0,5798.925,31.594,497.335,0.0,0.0,0.0,0.0,0.0,0.0,0.0,0.0,0.0,0.0,0.0,0.0,0.0,0.0,0.0,59.26,24.718,1.01
59718.0,800.0,5053.0,0.0,5877.664,78.739,497.335,0.0,0.0,0.0,0.0,0.0,0.0,0.0,0.0,0.0,0.0,0.0,0.0,0.0,0.0,0.0,59.26,24.718,1.0
61030.0,1312.0,5161.0,108.0,6006.796,129.132,507.964,10.63,0.0,0.0,0.0,0.0,0.0,0.0,0.0,0.0,0.0,0.0,0.0,0.0,0.0,0.0,59.26,24.718,0.99
62728.0,1698.0,5209.0,48.0,6173.919,167.123,512.689,4.724,0.0,0.0,0.0,0.0,0.0,0.0,0.0,0.0,0.0,0.0,0.0,0.0,0.0,0.0,59.26,24.718,0.97
64009.0,1281.0,5230.0,21.0,6300.0,126.081,514.756,2.067,0.0,0.0,0.0,0.0,0.0,0.0,0.0,0.0,0.0,0.0,0.0,0.0,0.0,0.0,59.26,24.718,0.95
65212.0,1203.0,5280.0,50.0,6418.403,118.404,519.677,4.921,0.0,0.0,0.0,0.0,0.0,0.0,0.0,0.0,0.0,0.0,0.0,0.0,0.0,0.0,59.26,24.718,0.92
65972.0,760.0,5280.0,0.0,6493.205,74.802,519.677,0.0,0.0,0.0,0.0,0.0,0.0,0.0,0.0,0.0,0.0,0.0,0.0,0.0,0.0,0.0,59.26,24.718,0.89
66392.0,420.0,5280.0,0.0,6534.543,41.338,519.677,0.0,0.0,0.0,0.0,0.0,0.0,0.0,0.0,0.0,0.0,0.0,0.0,0.0,0.0,0.0,59.26,24.718,0.86
67119.0,727.0,5280.0,0.0,6606.097,71.554,519.677,0.0,0.0,0.0,0.0,0.0,0.0,0.0,0.0,0.0,0.0,0.0,0.0,0.0,0.0,0.0,59.26,24.718,0.83
67924.0,805.0,5333.0,53.0,6685.328,79.231,524.893,5.216,0.0,0.0,0.0,0.0,0.0,0.0,0.0,0.0,0.0,0.0,0.0,0.0,0.0,0.0,59.26,24.718,0.8
68608.0,684.0,5370.0,37.0,6752.65,67.322,528.535,3.642,0.0,0.0,0.0,0.0,0.0,0.0,0.0,0.0,0.0,0.0,0.0,0.0,0.0,0.0,59.26,24.718,0.77
69297.0,689.0,5411.0,41.0,6820.464,67.814,532.57,4.035,0.0,0.0,0.0,0.0,0.0,0.0,0.0,0.0,0.0,0.0,0.0,0.0,0.0,0.0,59.26,24.718,0.75
69996.0,699.0,5420.0,9.0,6889.262,68.798,533.456,0.886,0.0,0.0,0.0,0.0,0.0,0.0,0.0,0.0,0.0,0.0,0.0,0.0,0.0,0.0,59.26,24.718,0.73
70366.0,370.0,5420.0,0.0,6925.679,36.417,533.456,0.0,0.0,0.0,0.0,0.0,0.0,0.0,0.0,0.0,0.0,0.0,0.0,0.0,0.0,0.0,59.26,24.718,0.71
70681.0,315.0,5420.0,0.0,6956.682,31.003,533.456,0.0,0.0,0.0,0.0,0.0,0.0,0.0,0.0,0.0,0.0,0.0,0.0,0.0,0.0,0.0,59.26,24.718,0.7
70932.0,251.0,5420.0,0.0,6981.387,24.704,533.456,0.0,0.0,0.0,0.0,0.0,0.0,0.0,0.0,0.0,0.0,0.0,0.0,0.0,0.0,0.0,59.26,24.718,0.68
71210.0,278.0,5447.0,27.0,7008.749,27.362,536.114,2.657,0.0,0.0,0.0,0.0,0.0,0.0,0.0,0.0,0.0,0.0,0.0,0.0,0.0,0.0,59.26,24.718,0.67
71747.0,537.0,5482.0,35.0,7061.602,52.854,539.558,3.445,0.0,0.0,0.0,0.0,0.0,0.0,0.0,0.0,0.0,0.0,0.0,0.0,0.0,0.0,59.26,24.718,0.66
72082.0,335.0,5500.0,18.0,7094.574,32.972,541.33,1.772,0.0,0.0,0.0,0.0,0.0,0.0,0.0,0.0,0.0,0.0,0.0,0.0,0.0,0.0,59.26,24.718,0.66
72459.0,377.0,5526.0,26.0,7131.68,37.106,543.889,2.559,0.0,0.0,0.0,0.0,0.0,0.0,0.0,0.0,0.0,0.0,0.0,0.0,0.0,0.0,59.26,24.718,0.66
72773.0,314.0,5526.0,0.0,7162.585,30.905,543.889,0.0,0.0,0.0,0.0,0.0,0.0,0.0,0.0,0.0,0.0,0.0,0.0,0.0,0.0,0.0,59.26,24.718,0.66
72879.0,106.0,5526.0,0.0,7173.018,10.433,543.889,0.0,0.0,0.0,0.0,0.0,0.0,0.0,0.0,0.0,0.0,0.0,0.0,0.0,0.0,0.0,59.26,24.718,0.67
73049.0,170.0,5526.0,0.0,7189.75,16.732,543.889,0.0,9913.0,0.0,0.0,0.976,0.0,0.0,0.0,0.0,0.0,0.0,0.0,0.0,0.0,0.0,59.26,24.718,0.67
73364.0,315.0,5545.0,19.0,7220.753,31.003,545.759,1.87,9913.0,0.0,0.0,0.976,0.0,0.0,0.0,0.0,0.0,0.0,0.0,0.0,0.0,0.0,59.26,24.718,0.67
73663.0,299.0,5572.0,27.0,7250.182,29.429,548.417,2.657,9913.0,0.0,0.0,0.976,0.0,0.0,0.0,0.0,0.0,0.0,0.0,0.0,0.0,0.0,59.26,24.718,0.68
73936.0,273.0,5593.0,21.0,7277.051,26.87,550.484,2.067,9913.0,0.0,0.0,0.976,0.0,0.0,0.0,0.0,0.0,0.0,0.0,0.0,0.0,0.0,59.26,24.718,0.69
74235.0,299.0,5619.0,26.0,7306.48,29.429,553.043,2.559,9913.0,0.0,0.0,0.976,0.0,0.0,0.0,0.0,0.0,0.0,0.0,0.0,0.0,0.0,59.26,24.718,0.7
74435.0,200.0,5619.0,0.0,7326.165,19.685,553.043,0.0,9913.0,0.0,0.0,0.976,0.0,0.0,0.0,0.0,0.0,0.0,0.0,0.0,0.0,0.0,59.26,24.718,0.72
74545.0,110.0,5619.0,0.0,7336.991,10.827,553.043,0.0,9913.0,0.0,0.0,0.976,0.024,41.7,0.0,0.0,0.0,0.0,0.0,0.0,0.0,0.0,59.26,24.718,0.73
74676.0,131.0,5619.0,0.0,7349.885,12.893,553.043,0.0,8449.0,0.0,0.0,0.832,0.024,41.8,0.0,0.0,0.0,0.0,0.0,0.0,0.0,0.0,59.26,24.718,0.74
74902.0,226.0,5646.0,27.0,7372.129,22.244,555.7,2.657,8449.0,0.0,0.0,0.832,0.0231,43.2,0.0,0.0,0.0,0.0,0.0,0.0,0.0,0.0,59.26,24.718,0.75
75199.0,297.0,5667.0,21.0,7401.361,29.232,557.767,2.067,8449.0,0.0,0.0,0.832,0.0236,42.3,0.0,0.0,0.0,0.0,0.0,0.0,0.0,0.0,59.26,24.718,0.77
75419.0,220.0,5676.0,9.0,7423.014,21.653,558.653,0.886,8449.0,0.0,0.0,0.832,0.0233,42.8,0.0,0.0,0.0,0.0,0.0,0.0,0.0,0.0,59.26,24.718,0.79
75681.0,262.0,5697.0,21.0,7448.801,25.787,560.72,2.067,8449.0,0.0,0.0,0.832,0.0233,42.9,0.0,0.0,0.0,0.0,0.0,0.0,0.0,0.0,59.26,24.718,0.81
75819.0,138.0,5697.0,0.0,7462.383,13.582,560.72,0.0,8449.0,0.0,0.0,0.832,0.0228,43.8,0.0,0.0,0.0,0.0,0.0,0.0,0.0,0.0,59.26,24.718,0.83
75861.0,42.0,5697.0,0.0,7466.517,4.134,560.72,0.0,8449.0,0.0,0.0,0.832,0.0223,44.9,0.0,0.0,0.0,0.0,0.0,0.0,0.0,0.0,59.26,24.718,0.85
75932.0,71.0,5697.0,0.0,7473.505,6.988,560.72,0.0,7566.0,0.0,0.0,0.745,0.0216,46.4,0.0,0.0,0.0,0.0,0.0,0.0,0.0,0.0,59.26,24.718,0.88
76215.0,283.0,5702.0,5.0,7501.359,27.854,561.212,0.492,7566.0,0.0,0.0,0.745,0.0229,43.7,0.0,0.0,0.0,0.0,0.0,0.0,0.0,0.0,59.26,24.718,0.91
76516.0,301.0,5730.0,28.0,7530.985,29.626,563.968,2.756,7566.0,0.0,0.0,0.745,0.0233,42.9,0.0,0.0,0.0,0.0,0.0,0.0,0.0,0.0,59.26,24.718,0.94
76818.0,302.0,5739.0,9.0,7560.708,29.724,564.853,0.886,7566.0,0.0,0.0,0.745,0.0252,39.7,0.0,0.0,0.0,0.0,0.0,0.0,0.0,0.0,59.26,24.718,0.97
77076.0,258.0,5743.0,4.0,7586.102,25.393,565.247,0.394,7566.0,0.0,0.0,0.745,0.0255,39.2,0.0,0.0,0.0,0.0,0.0,0.0,0.0,0.0,59.26,24.718,0.99
77379.0,303.0,5743.0,0.0,7615.924,29.822,565.247,0.0,7566.0,0.0,0.0,0.745,0.029,34.5,0.0,0.0,0.0,0.0,0.0,0.0,0.0,0.0,59.26,24.718,1.01
77417.0,38.0,5743.0,0.0,7619.664,3.74,565.247,0.0,7566.0,0.0,0.0,0.745,0.0294,34.0,0.0,0.0,0.0,0.0,0.0,0.0,0.0,0.0,59.26,24.718,1.02
77582.0,165.0,5743.0,0.0,7635.904,16.24,565.247,0.0,7674.0,0.0,0.0,0.755,0.0311,32.2,0.0,0.0,0.0,0.0,0.0,0.0,0.0,0.0,59.26,24.718,1.04
77916.0,334.0,5747.0,4.0,7668.778,32.874,565.641,0.394,7674.0,0.0,0.0,0.755,0.032,31.3,0.0,0.0,0.0,0.0,0.0,0.0,0.0,0.0,59.26,24.718,1.05
78341.0,425.0,5760.0,13.0,7710.608,41.83,566.92,1.28,7674.0,0.0,0.0,0.755,0.0343,29.2,0.0,0.0,0.0,0.0,0.0,0.0,0.0,0.0,59.26,24.718,1.06
78719.0,378.0,5766.0,6.0,7747.812,37.204,567.511,0.591,7674.0,0.0,0.0,0.755,0.0356,28.1,0.0,0.0,0.0,0.0,0.0,0.0,0.0,0.0,59.26,24.718,1.07
79099.0,380.0,5763.0,-3.0,7785.213,37.401,567.216,-0.295,7674.0,0.0,0.0,0.755,0.0378,26.4,0.0,0.0,0.0,0.0,0.0,0.0,0.0,0.0,59.26,24.718,1.07
79359.0,260.0,5763.0,0.0,7810.803,25.59,567.216,0.0,7674.0,0.0,0.0,0.755,0.0369,27.1,0.0,0.0,0.0,0.0,0.0,0.0,0.0,0.0,59.26,24.718,1.06
79432.0,73.0,5763.0,0.0,7817.988,7.185,567.216,0.0,7674.0,0.0,0.0,0.755,0.0375,26.7,0.0,0.0,0.0,0.0,0.0,0.0,0.0,0.0,59.26,24.718,1.05
79628.0,196.0,5763.0,0.0,7837.279,19.291,567.216,0.0,8090.0,0.0,0.0,0.796,0.0378,26.5,0.0,0.0,0.0,0.0,0.0,0.0,0.0,0.0,59.26,24.718,1.04
80045.0,417.0,5770.0,7.0,7878.322,41.043,567.904,0.689,8090.0,0.0,0.0,0.796,0.039,25.6,0.0,0.0,0.0,0.0,0.0,0.0,0.0,0.0,59.26,24.718,1.04
80489.0,444.0,5774.0,4.0,7922.022,43.7,568.298,0.394,8090.0,0.0,0.0,0.796,0.0391,25.6,0.0,0.0,0.0,0.0,0.0,0.0,0.0,0.0,59.26,24.718,1.03
80851.0,362.0,5776.0,2.0,7957.651,35.629,568.495,0.197,8090.0,0.0,0.0,0.796,0.0385,26.0,0.0,0.0,0.0,0.0,0.0,0.0,0.0,0.0,59.26,24.718,1.02
81195.0,344.0,5783.0,7.0,7991.509,33.858,569.184,0.689,8090.0,0.0,0.0,0.796,0.0376,26.6,0.0,0.0,0.0,0.0,0.0,0.0,0.0,0.0,59.26,24.718,1.0
81421.0,226.0,5783.0,0.0,8013.753,22.244,569.184,0.0,8090.0,0.0,0.0,0.796,0.0367,27.3,0.0,0.0,0.0,0.0,0.0,0.0,0.0,0.0,59.26,24.718,0.99
81484.0,63.0,5783.0,0.0,8019.953,6.201,569.184,0.0,8090.0,0.0,0.0,0.796,0.0362,27.6,0.0,0.0,0.0,0.0,0.0,0.0,0.0,0.0,59.26,24.718,0.97
81658.0,174.0,5783.0,0.0,8037.079,17.126,569.184,0.0,9364.0,0.0,0.0,0.922,0.0351,28.5,0.0,0.0,0.0,0.0,0.0,0.0,0.0,0.0,55.56,24.718,0.95
81972.0,314.0,5790.0,7.0,8067.984,30.905,569.873,0.689,9364.0,0.0,0.0,0.922,0.0326,30.7,0.0,0.0,0.0,0.0,0.0,0.0,0.0,0.0,55.56,24.718,0.94
82323.0,351.0,5802.0,12.0,8102.531,34.547,571.054,1.181,9364.0,0.0,0.0,0.922,0.0303,33.0,0.0,0.0,0.0,0.0,0.0,0.0,0.0,0.0,55.56,24.718,0.93
82656.0,333.0,5805.0,3.0,8135.306,32.775,571.349,0.295,9364.0,0.0,0.0,0.922,0.0292,34.2,0.0,0.0,0.0,0.0,0.0,0.0,0.0,0.0,55.56,24.718,0.93
82954.0,298.0,5810.0,5.0,8164.636,29.33,571.841,0.492,9364.0,0.0,0.0,0.922,0.0279,35.8,0.0,0.0,0.0,0.0,0.0,0.0,0.0,0.0,55.56,24.718,0.92
83114.0,160.0,5810.0,0.0,8180.384,15.748,571.841,0.0,9364.0,0.0,0.0,0.922,0.0263,38.0,0.0,0.0,0.0,0.0,0.0,0.0,0.0,0.0,55.56,24.718,0.91
83171.0,57.0,5810.0,0.0,8185.994,5.61,571.841,0.0,9364.0,0.0,0.0,0.922,0.0257,38.9,0.0,0.0,0.0,0.0,0.0,0.0,0.0,0.0,55.56,24.718,0.89
83353.0,182.0,5810.0,0.0,8203.907,17.913,571.841,0.0,12151.0,0.0,0.0,1.196,0.0248,40.3,0.0,0.0,0.0,0.0,0.0,0.0,0.0,0.0,55.56,24.718,0.86
83578.0,225.0,5814.0,4.0,8226.052,22.145,572.235,0.394,12151.0,0.0,0.0,1.196,0.0226,44.3,0.0,0.0,0.0,0.0,0.0,0.0,0.0,0.0,55.56,24.718,0.85
83824.0,246.0,5817.0,3.0,8250.265,24.212,572.53,0.295,12151.0,0.0,0.0,1.196,0.0203,49.2,0.0,0.0,0.0,0.0,0.0,0.0,0.0,0.0,55.56,24.718,0.86
83958.0,134.0,5820.0,3.0,8263.453,13.189,572.826,0.295,12151.0,0.0,0.0,1.196,0.017,58.9,0.0,0.0,0.0,0.0,0.0,0.0,0.0,0.0,55.56,24.718,0.86
83958.0,0.0,5821.0,1.0,8263.453,0.0,572.924,0.098,12151.0,0.0,0.0,1.196,0.0126,79.2,0.0,0.0,0.0,0.0,0.0,0.0,0.0,0.0,55.56,24.718,0.87
83958.0,0.0,5821.0,0.0,8263.453,0.0,572.924,0.0,12151.0,0.0,0.0,1.196,0.0103,97.5,0.0,0.0,0.0,0.0,0.0,0.0,0.0,0.0,55.56,24.718,0.91
83958.0,0.0,5821.0,0.0,8263.453,0.0,572.924,0.0,12151.0,0.0,0.0,1.196,0.0093,108.1,0.0,0.0,0.0,0.0,0.0,0.0,0.0,0.0,55.56,24.718,0.94
84379.0,421.0,5821.0,0.0,8304.89,41.436,572.924,0.0,18027.0,0.0,0.0,1.774,0.0113,88.6,0.0,0.0,0.0,0.0,0.0,0.0,0.0,0.0,55.56,24.718,0.97
84521.0,142.0,5813.0,-8.0,8318.866,13.976,572.137,-0.787,18027.0,0.0,0.0,1.774,0.0097,102.7,0.0,0.0,0.0,0.0,0.0,0.0,0.0,0.0,55.56,24.718,0.98
84532.0,11.0,5820.0,7.0,8319.949,1.083,572.826,0.689,18027.0,0.0,0.0,1.774,0.0069,145.0,0.0,0.0,0.0,0.0,0.0,0.0,0.0,0.0,55.56,24.718,1.01
84729.0,197.0,5832.0,12.0,8339.338,19.389,574.007,1.181,18027.0,0.0,0.0,1.774,0.0071,140.8,0.0,0.0,0.0,0.0,0.0,0.0,0.0,0.0,55.56,24.718,1.06
84985.0,256.0,5835.0,3.0,8364.534,25.196,574.302,0.295,18027.0,0.0,0.0,1.774,0.009,111.4,0.0,0.0,0.0,0.0,0.0,0.0,0.0,0.0,55.56,24.718,1.11
84985.0,0.0,5835.0,0.0,8364.534,0.0,574.302,0.0,18027.0,0.0,0.0,1.774,0.0085,117.2,0.0,0.0,0.0,0.0,0.0,0.0,0.0,0.0,55.56,24.718,1.15
84985.0,0.0,5835.0,0.0,8364.534,0.0,574.302,0.0,18027.0,0.0,0.0,1.774,0.0081,122.9,0.0,0.0,0.0,0.0,0.0,0.0,0.0,0.0,55.56,24.718,1.19
85558.0,573.0,5835.0,0.0,8420.931,56.397,574.302,0.0,20382.0,0.0,0.0,2.006,0.0092,109.0,0.0,0.0,0.0,0.0,0.0,0.0,0.0,0.0,55.56,24.718,1.23
85707.0,149.0,5838.0,3.0,8435.596,14.665,574.597,0.295,20382.0,0.0,0.0,2.006,0.0091,110.4,0.0,0.0,0.0,0.0,0.0,0.0,0.0,0.0,55.56,24.718,1.21
85880.0,173.0,5842.0,4.0,8452.624,17.027,574.991,0.394,20382.0,0.0,0.0,2.006,0.0101,98.9,0.0,0.0,0.0,0.0,0.0,0.0,0.0,0.0,55.56,24.718,1.24
86194.0,314.0,5843.0,1.0,8483.529,30.905,575.089,0.098,20382.0,0.0,0.0,2.006,0.0108,92.6,0.0,0.0,0.0,0.0,0.0,0.0,0.0,0.0,55.56,24.718,1.26
86505.0,311.0,5846.0,3.0,8514.138,30.61,575.385,0.295,20382.0,0.0,0.0,2.006,0.011,90.8,0.0,0.0,0.0,0.0,0.0,0.0,0.0,0.0,55.56,24.718,1.29
86505.0,0.0,5846.0,0.0,8514.138,0.0,575.385,0.0,20382.0,0.0,0.0,2.006,0.0108,92.3,0.0,0.0,0.0,0.0,0.0,0.0,0.0,0.0,55.56,24.718,1.31
86505.0,0.0,5846.0,0.0,8514.138,0.0,575.385,0.0,20382.0,0.0,0.0,2.006,0.0107,93.9,0.0,0.0,0.0,0.0,0.0,0.0,0.0,0.0,55.56,24.718,1.33
86505.0,0.0,5846.0,0.0,8514.138,0.0,575.385,0.0,19924.0,0.0,0.0,1.961,0.0067,150.2,0.0,0.0,0.0,0.0,0.0,0.0,0.0,0.0,55.56,24.718,1.35
87345.0,840.0,5846.0,0.0,8596.814,82.676,575.385,0.0,19924.0,0.0,0.0,1.961,0.0116,86.5,0.0,0.0,0.0,0.0,0.0,0.0,0.0,0.0,55.56,24.718,1.4
87575.0,230.0,5860.0,14.0,8619.452,22.637,576.763,1.378,19924.0,0.0,0.0,1.961,0.012,83.4,0.0,0.0,0.0,0.0,0.0,0.0,0.0,0.0,55.56,24.718,1.41
87885.0,310.0,5864.0,4.0,8649.963,30.511,577.156,0.394,19924.0,0.0,0.0,1.961,0.012,83.3,0.0,0.0,0.0,0.0,0.0,0.0,0.0,0.0,55.56,24.718,1.42
88237.0,352.0,5865.0,1.0,8684.608,34.645,577.255,0.098,19924.0,0.0,0.0,1.961,0.0123,81.1,0.0,0.0,0.0,0.0,0.0,0.0,0.0,0.0,55.56,24.718,1.43
88237.0,0.0,5865.0,0.0,8684.608,0.0,577.255,0.0,19924.0,0.0,0.0,1.961,0.0124,80.8,0.0,0.0,0.0,0.0,0.0,0.0,0.0,0.0,55.56,24.718,1.45
88237.0,0.0,5865.0,0.0,8684.608,0.0,577.255,0.0,19924.0,0.0,0.0,1.961,0.0124,80.5,0.0,0.0,0.0,0.0,0.0,0.0,0.0,0.0,55.56,24.718,1.47
88237.0,0.0,5865.0,0.0,8684.608,0.0,577.255,0.0,18407.0,0.0,0.0,1.812,0.0126,79.6,0.0,0.0,0.0,0.0,0.0,0.0,0.0,0.0,55.56,24.718,1.5
89436.0,1199.0,5865.0,0.0,8802.618,118.01,577.255,0.0,18407.0,0.0,0.0,1.812,0.0153,65.2,0.0,0.0,0.0,0.0,0.0,0.0,0.0,0.0,55.56,24.718,1.54
89756.0,320.0,5876.0,11.0,8834.114,31.496,578.337,1.083,18407.0,0.0,0.0,1.812,0.0162,61.9,0.0,0.0,0.0,0.0,0.0,0.0,0.0,0.0,55.56,24.718,1.54
90289.0,533.0,5878.0,2.0,8886.574,52.46,578.534,0.197,18407.0,0.0,0.0,1.812,0.018,55.5,0.0,0.0,0.0,0.0,0.0,0.0,0.0,0.0,55.56,24.718,1.53
90923.0,634.0,5880.0,2.0,8948.974,62.401,578.731,0.197,18407.0,0.0,0.0,1.812,0.0204,49.1,0.0,0.0,0.0,0.0,0.0,0.0,0.0,0.0,55.56,24.718,1.53
90923.0,0.0,5880.0,0.0,8948.974,0.0,578.731,0.0,18407.0,0.0,0.0,1.812,0.0206,48.5,0.0,0.0,0.0,0.0,0.0,0.0,0.0,0.0,55.56,24.718,1.52
90923.0,0.0,5880.0,0.0,8948.974,0.0,578.731,0.0,18407.0,0.0,0.0,1.812,0.0208,48.0,0.0,0.0,0.0,0.0,0.0,0.0,0.0,0.0,55.56,24.718,1.51
90923.0,0.0,5880.0,0.0,8948.974,0.0,578.731,0.0,18580.0,0.0,0.0,1.829,0.0208,48.0,0.0,0.0,0.0,0.0,0.0,0.0,0.0,0.0,55.56,24.718,1.51
92466.0,1543.0,5880.0,0.0,9100.842,151.868,578.731,0.0,18580.0,0.0,0.0,1.829,0.0235,42.6,0.0,0.0,0.0,0.0,0.0,0.0,0.0,0.0,55.56,24.718,1.51
92863.0,397.0,5893.0,13.0,9139.916,39.074,580.011,1.28,18580.0,0.0,0.0,1.829,0.024,41.6,0.0,0.0,0.0,0.0,0.0,0.0,0.0,0.0,55.56,24.718,1.5
93615.0,752.0,5893.0,0.0,9213.931,74.015,580.011,0.0,18580.0,0.0,0.0,1.829,0.0257,38.9,0.0,0.0,0.0,0.0,0.0,0.0,0.0,0.0,55.56,24.718,1.5
94283.0,668.0,5895.0,2.0,9279.678,65.747,580.207,0.197,18580.0,0.0,0.0,1.829,0.0259,38.6,0.0,0.0,0.0,0.0,0.0,0.0,0.0,0.0,55.56,24.718,1.49
94283.0,0.0,5895.0,0.0,9279.678,0.0,580.207,0.0,18580.0,0.0,0.0,1.829,0.0259,38.7,0.0,0.0,0.0,0.0,0.0,0.0,0.0,0.0,55.56,24.718,1.48
94283.0,0.0,5895.0,0.0,9279.678,0.0,580.207,0.0,18580.0,0.0,0.0,1.829,0.0258,38.7,0.0,0.0,0.0,0.0,0.0,0.0,0.0,0.0,55.56,24.718,1.47
94283.0,0.0,5895.0,0.0,9279.678,0.0,580.207,0.0,19916.0,0.0,0.0,1.96,0.0256,39.1,0.0,0.0,0.0,0.0,0.0,0.0,0.0,0.0,55.56,24.718,1.47
96145.0,1862.0,5895.0,0.0,9462.942,183.265,580.207,0.0,19916.0,0.0,0.0,1.96,0.0277,36.1,0.0,0.0,0.0,0.0,0.0,0.0,0.0,0.0,55.56,24.718,1.47
96677.0,532.0,5892.0,-3.0,9515.304,52.361,579.912,-0.295,19916.0,0.0,0.0,1.96,0.0284,35.2,0.0,0.0,0.0,0.0,0.0,0.0,0.0,0.0,55.56,24.718,1.47
97532.0,855.0,5892.0,0.0,9599.456,84.152,579.912,0.0,19916.0,0.0,0.0,1.96,0.0289,34.6,0.0,0.0,0.0,0.0,0.0,0.0,0.0,0.0,55.56,24.718,1.47
98451.0,919.0,5894.0,2.0,9689.907,90.451,580.109,0.197,19916.0,0.0,0.0,1.96,0.0305,32.8,0.0,0.0,0.0,0.0,0.0,0.0,0.0,0.0,55.56,24.718,1.47
98451.0,0.0,5894.0,0.0,9689.907,0.0,580.109,0.0,19916.0,0.0,0.0,1.96,0.0302,33.1,0.0,0.0,0.0,0.0,0.0,0.0,0.0,0.0,55.56,24.718,1.47
98451.0,0.0,5894.0,0.0,9689.907,0.0,580.109,0.0,19916.0,0.0,0.0,1.96,0.0299,33.4,0.0,0.0,0.0,0.0,0.0,0.0,0.0,0.0,55.56,24.718,1.47
98451.0,0.0,5894.0,0.0,9689.907,0.0,580.109,0.0,21564.0,0.0,0.0,2.122,0.0295,33.8,0.0,0.0,0.0,0.0,0.0,0.0,0.0,0.0,55.56,24.718,1.47
100654.0,2203.0,5894.0,0.0,9906.735,216.827,580.109,0.0,21564.0,0.0,0.0,2.122,0.0316,31.6,0.0,0.0,0.0,0.0,0.0,0.0,0.0,0.0,55.56,24.718,1.47
101332.0,678.0,5907.0,13.0,9973.466,66.731,581.389,1.28,21564.0,0.0,0.0,2.122,0.0322,31.0,0.0,0.0,0.0,0.0,0.0,0.0,0.0,0.0,55.56,24.718,1.48
102407.0,1075.0,5910.0,3.0,10079.271,105.805,581.684,0.295,21564.0,0.0,0.0,2.122,0.0334,29.9,0.0,0.0,0.0,0.0,0.0,0.0,0.0,0.0,55.56,24.718,1.5
103200.0,793.0,5918.0,8.0,10157.321,78.05,582.471,0.787,21564.0,0.0,0.0,2.122,0.0322,31.1,0.0,0.0,0.0,0.0,0.0,0.0,0.0,0.0,55.56,24.718,1.52
103200.0,0.0,5918.0,0.0,10157.321,0.0,582.471,0.0,21564.0,0.0,0.0,2.122,0.0318,31.4,0.0,0.0,0.0,0.0,0.0,0.0,0.0,0.0,55.56,24.718,1.54
103200.0,0.0,5918.0,0.0,10157.321,0.0,582.471,0.0,21564.0,0.0,0.0,2.122,0.0315,31.8,0.0,0.0,0.0,0.0,0.0,0.0,0.0,0.0,55.56,24.718,1.57
103200.0,0.0,5918.0,0.0,10157.321,0.0,582.471,0.0,23961.0,0.0,0.0,2.358,0.031,32.3,0.0,0.0,0.0,0.0,0.0,0.0,0.0,0.0,55.56,24.718,1.59
106380.0,3180.0,5918.0,0.0,10470.309,312.987,582.471,0.0,23961.0,0.0,0.0,2.358,0.0368,27.2,0.0,0.0,0.0,0.0,0.0,0.0,0.0,0.0,55.56,24.718,1.62
107355.0,975.0,5929.0,11.0,10566.272,95.963,583.554,1.083,23961.0,0.0,0.0,2.358,0.0381,26.3,0.0,0.0,0.0,0.0,0.0,0.0,0.0,0.0,55.56,24.718,1.64
108969.0,1614.0,5930.0,1.0,10725.127,158.856,583.652,0.098,23961.0,0.0,0.0,2.358,0.0409,24.5,0.0,0.0,0.0,0.0,0.0,0.0,0.0,0.0,55.56,24.718,1.67
110594.0,1625.0,5933.0,3.0,10885.066,159.938,583.948,0.295,23961.0,0.0,0.0,2.358,0.0454,22.0,0.0,0.0,0.0,0.0,0.0,0.0,0.0,0.0,55.56,24.718,1.69
110594.0,0.0,5933.0,0.0,10885.066,0.0,583.948,0.0,23961.0,0.0,0.0,2.358,0.0447,22.4,0.0,0.0,0.0,0.0,0.0,0.0,0.0,0.0,55.56,24.718,1.71
110594.0,0.0,5933.0,0.0,10885.066,0.0,583.948,0.0,23961.0,0.0,0.0,2.358,0.0441,22.7,0.0,0.0,0.0,0.0,0.0,0.0,0.0,0.0,55.56,24.718,1.73
110594.0,0.0,5933.0,0.0,10885.066,0.0,583.948,0.0,27613.0,0.0,0.0,2.718,0.0431,23.2,0.0,0.0,0.0,0.0,0.0,0.0,0.0,0.0,55.56,24.718,1.76
115785.0,5191.0,5933.0,0.0,11395.983,510.917,583.948,0.0,27613.0,0.0,0.0,2.718,0.0537,18.6,0.0,0.0,0.0,0.0,0.0,0.0,0.0,0.0,55.56,24.718,1.78
117913.0,2128.0,5927.0,-6.0,11605.429,209.446,583.357,-0.591,27613.0,0.0,0.0,2.718,0.0591,16.9,0.0,0.0,0.0,0.0,0.0,0.0,0.0,0.0,55.56,24.718,1.8
121167.0,3254.0,5934.0,7.0,11925.699,320.271,584.046,0.689,27613.0,0.0,0.0,2.718,0.0669,14.9,0.0,0.0,0.0,0.0,0.0,0.0,0.0,0.0,55.56,24.718,1.8
124355.0,3188.0,5938.0,4.0,12239.474,313.775,584.44,0.394,27613.0,0.0,0.0,2.718,0.074,13.5,0.0,0.0,0.0,0.0,0.0,0.0,0.0,0.0,55.56,24.718,1.8
124355.0,0.0,5938.0,0.0,12239.474,0.0,584.44,0.0,27613.0,0.0,0.0,2.718,0.0726,13.8,0.0,0.0,0.0,0.0,0.0,0.0,0.0,0.0,55.56,24.718,1.79
124355.0,0.0,5938.0,0.0,12239.474,0.0,584.44,0.0,27613.0,0.0,0.0,2.718,0.0712,14.0,0.0,0.0,0.0,0.0,0.0,0.0,0.0,0.0,55.56,24.718,1.79
124355.0,0.0,5938.0,0.0,12239.474,0.0,584.44,0.0,33414.0,0.0,0.0,3.289,0.0691,14.5,0.0,0.0,0.0,0.0,0.0,0.0,0.0,0.0,55.56,24.718,1.79
134532.0,10177.0,5938.0,0.0,13241.131,1001.658,584.44,0.0,33414.0,0.0,0.0,3.289,0.0915,10.9,0.0,0.0,0.0,0.0,0.0,0.0,0.0,0.0,55.56,24.718,1.79
137730.0,3198.0,5997.0,59.0,13555.89,314.759,590.247,5.807,33414.0,0.0,0.0,3.289,0.0941,10.6,0.0,0.0,0.0,0.0,0.0,0.0,0.0,0.0,55.56,24.718,1.78
141764.0,4034.0,6002.0,5.0,13952.931,397.041,590.739,0.492,33414.0,0.0,0.0,3.289,0.0951,10.5,0.0,0.0,0.0,0.0,0.0,0.0,0.0,0.0,55.56,24.718,1.75
146461.0,4697.0,6022.0,20.0,14415.227,462.296,592.707,1.968,33414.0,0.0,0.0,3.289,0.0994,10.1,0.0,0.0,0.0,0.0,0.0,0.0,0.0,0.0,55.56,24.718,1.73
146461.0,0.0,6022.0,0.0,14415.227,0.0,592.707,0.0,33414.0,0.0,0.0,3.289,0.0969,10.3,0.0,0.0,0.0,0.0,0.0,0.0,0.0,0.0,55.56,24.718,1.71
146461.0,0.0,6022.0,0.0,14415.227,0.0,592.707,0.0,33414.0,0.0,0.0,3.289,0.0945,10.6,0.0,0.0,0.0,0.0,0.0,0.0,0.0,0.0,55.56,24.718,1.69
146461.0,0.0,6022.0,0.0,14415.227,0.0,592.707,0.0,37239.0,0.0,0.0,3.665,0.093,10.8,0.0,0.0,0.0,0.0,0.0,0.0,0.0,0.0,55.56,24.718,1.68
162240.0,15779.0,6022.0,0.0,15968.254,1553.027,592.707,0.0,37239.0,0.0,0.0,3.665,0.1147,8.7,0.0,0.0,0.0,0.0,0.0,0.0,0.0,0.0,58.33,24.718,1.66
166707.0,4467.0,6082.0,60.0,16407.913,439.658,598.613,5.905,37239.0,0.0,0.0,3.665,0.1181,8.5,0.0,0.0,0.0,0.0,0.0,0.0,0.0,0.0,58.33,24.718,1.62
171365.0,4658.0,6122.0,40.0,16866.37,458.457,602.55,3.937,37239.0,0.0,0.0,3.665,0.1188,8.4,0.0,0.0,0.0,0.0,0.0,0.0,0.0,0.0,58.33,24.718,1.58
177355.0,5990.0,6164.0,42.0,17455.928,589.558,606.683,4.134,37239.0,0.0,0.0,3.665,0.1221,8.2,0.0,0.0,0.0,0.0,0.0,0.0,0.0,0.0,58.33,24.718,1.54
177355.0,0.0,6164.0,0.0,17455.928,0.0,606.683,0.0,37239.0,0.0,0.0,3.665,0.1203,8.3,0.0,0.0,0.0,0.0,0.0,0.0,0.0,0.0,58.33,24.718,1.51
177355.0,0.0,6164.0,0.0,17455.928,0.0,606.683,0.0,37239.0,0.0,0.0,3.665,0.1185,8.4,0.0,0.0,0.0,0.0,0.0,0.0,0.0,0.0,58.33,24.718,1.48
177355.0,0.0,6164.0,0.0,17455.928,0.0,606.683,0.0,38266.0,0.0,0.0,3.766,0.1181,8.5,0.0,0.0,0.0,0.0,0.0,0.0,0.0,0.0,58.33,24.718,1.44
192439.0,15084.0,6164.0,0.0,18940.55,1484.622,606.683,0.0,38266.0,0.0,0.0,3.766,0.1149,8.7,0.0,0.0,0.0,0.0,0.0,0.0,0.0,0.0,58.33,24.718,1.41
196446.0,4007.0,6321.0,157.0,19334.934,394.384,622.136,15.453,38266.0,0.0,0.0,3.766,0.1128,8.9,0.0,0.0,0.0,0.0,0.0,0.0,0.0,0.0,58.33,24.718,1.4
201055.0,4609.0,6340.0,19.0,19788.568,453.635,624.006,1.87,38266.0,0.0,0.0,3.766,0.1121,8.9,0.0,0.0,0.0,0.0,0.0,0.0,0.0,0.0,58.33,24.718,1.39
208295.0,7240.0,6406.0,66.0,20501.156,712.587,630.502,6.496,38266.0,0.0,0.0,3.766,0.1164,8.6,0.0,0.0,0.0,0.0,0.0,0.0,0.0,0.0,58.33,24.718,1.38
208295.0,0.0,6406.0,0.0,20501.156,0.0,630.502,0.0,38266.0,0.0,0.0,3.766,0.116,8.6,0.0,0.0,0.0,0.0,0.0,0.0,0.0,0.0,58.33,24.718,1.37
208295.0,0.0,6406.0,0.0,20501.156,0.0,630.502,0.0,38266.0,0.0,0.0,3.766,0.1155,8.7,0.0,0.0,0.0,0.0,0.0,0.0,0.0,0.0,58.33,24.718,1.36
208295.0,0.0,6406.0,0.0,20501.156,0.0,630.502,0.0,40350.0,0.0,0.0,3.971,0.1146,8.7,0.0,0.0,0.0,0.0,0.0,0.0,0.0,0.0,58.33,24.718,1.34
225560.0,17265.0,6406.0,0.0,22200.44,1699.284,630.502,0.0,40350.0,0.0,0.0,3.971,0.1218,8.2,0.0,0.0,0.0,0.0,0.0,0.0,0.0,0.0,64.81,24.718,1.33
230514.0,4954.0,6555.0,149.0,22688.031,487.591,645.167,14.665,40350.0,0.0,0.0,3.971,0.1243,8.0,0.0,0.0,0.0,0.0,0.0,0.0,0.0,0.0,64.81,24.718,1.32
236355.0,5841.0,6622.0,67.0,23262.923,574.893,651.761,6.594,40350.0,0.0,0.0,3.971,0.1278,7.8,0.0,0.0,0.0,0.0,0.0,0.0,0.0,0.0,64.81,24.718,1.31
243129.0,6774.0,6681.0,59.0,23929.645,666.722,657.568,5.807,40350.0,0.0,0.0,3.971,0.1252,8.0,0.0,0.0,0.0,0.0,0.0,0.0,0.0,0.0,64.81,24.718,1.3
243129.0,0.0,6681.0,0.0,23929.645,0.0,657.568,0.0,40350.0,0.0,0.0,3.971,0.1242,8.0,0.0,0.0,0.0,0.0,0.0,0.0,0.0,0.0,64.81,24.718,1.3
243129.0,0.0,6681.0,0.0,23929.645,0.0,657.568,0.0,40350.0,0.0,0.0,3.971,0.1233,8.1,0.0,0.0,0.0,0.0,0.0,0.0,0.0,0.0,64.81,24.718,1.29
243129.0,0.0,6681.0,0.0,23929.645,0.0,657.568,0.0,38302.0,0.0,0.0,3.77,0.1242,8.0,0.0,0.0,0.0,0.0,0.0,0.0,0.0,0.0,64.81,24.718,1.27
260758.0,17629.0,6681.0,0.0,25664.756,1735.111,657.568,0.0,38302.0,0.0,0.0,3.77,0.1265,7.9,0.0,0.0,0.0,0.0,0.0,0.0,0.0,0.0,64.81,24.718,1.26
266158.0,5400.0,6972.0,291.0,26196.244,531.488,686.21,28.641,38302.0,0.0,0.0,3.77,0.129,7.8,0.0,0.0,0.0,0.0,0.0,0.0,0.0,0.0,64.81,24.718,1.26
272643.0,6485.0,7007.0,35.0,26834.521,638.277,689.655,3.445,38302.0,0.0,0.0,3.77,0.1323,7.6,0.0,0.0,0.0,0.0,0.0,0.0,0.0,0.0,64.81,24.718,1.27
278912.0,6269.0,7067.0,60.0,27451.539,617.018,695.56,5.905,38302.0,0.0,0.0,3.77,0.1315,7.6,0.0,0.0,0.0,0.0,0.0,0.0,0.0,0.0,64.81,24.718,1.27
278912.0,0.0,7067.0,0.0,27451.539,0.0,695.56,0.0,38302.0,0.0,0.0,3.77,0.1324,7.6,0.0,0.0,0.0,0.0,0.0,0.0,0.0,0.0,64.81,24.718,1.27
278912.0,0.0,7067.0,0.0,27451.539,0.0,695.56,0.0,38302.0,0.0,0.0,3.77,0.1335,7.5,0.0,0.0,0.0,0.0,0.0,0.0,0.0,0.0,64.81,24.718,1.27
278912.0,0.0,7067.0,0.0,27451.539,0.0,695.56,0.0,39644.0,0.0,0.0,3.902,0.1328,7.5,0.0,0.0,0.0,0.0,0.0,0.0,0.0,0.0,66.67,24.718,1.26
297732.0,18820.0,7067.0,0.0,29303.872,1852.333,695.56,0.0,39644.0,0.0,0.0,3.902,0.1365,7.3,0.0,0.0,0.0,0.0,0.0,0.0,0.0,0.0,66.67,24.718,1.26
304793.0,7061.0,7296.0,229.0,29998.842,694.969,718.099,22.539,39644.0,0.0,0.0,3.902,0.142,7.0,0.0,0.0,0.0,0.0,0.0,0.0,0.0,0.0,66.67,24.718,1.27
312728.0,7935.0,7354.0,58.0,30779.833,780.992,723.808,5.709,39644.0,0.0,0.0,3.902,0.1466,6.8,0.0,0.0,0.0,0.0,0.0,0.0,0.0,0.0,66.67,24.718,1.27
320098.0,7370.0,7514.0,160.0,31505.216,725.382,739.555,15.748,39644.0,0.0,0.0,3.902,0.1499,6.7,0.0,0.0,0.0,0.0,0.0,0.0,0.0,0.0,66.67,24.718,1.27
320098.0,0.0,7514.0,0.0,31505.216,0.0,739.555,0.0,39644.0,0.0,0.0,3.902,0.1491,6.7,0.0,0.0,0.0,0.0,0.0,0.0,0.0,0.0,66.67,24.718,1.27
320098.0,0.0,7514.0,0.0,31505.216,0.0,739.555,0.0,39644.0,0.0,0.0,3.902,0.1484,6.7,0.0,0.0,0.0,0.0,0.0,0.0,0.0,0.0,66.67,24.718,1.26
320098.0,0.0,7514.0,0.0,31505.216,0.0,739.555,0.0,43821.0,0.0,0.0,4.313,0.1462,6.8,0.0,0.0,0.0,0.0,0.0,0.0,0.0,0.0,69.44,24.718,1.25
341029.0,20931.0,7514.0,0.0,33565.321,2060.106,739.555,0.0,43821.0,0.0,0.0,4.313,0.1515,6.6,0.0,0.0,0.0,0.0,0.0,0.0,0.0,0.0,69.44,24.718,1.25
348585.0,7556.0,7802.0,288.0,34309.01,743.689,767.901,28.346,43821.0,0.0,0.0,4.313,0.151,6.6,0.0,0.0,0.0,0.0,0.0,0.0,0.0,0.0,69.44,24.718,1.25
357466.0,8881.0,7893.0,91.0,35183.111,874.1,776.858,8.957,43821.0,0.0,0.0,4.313,0.1521,6.6,0.0,0.0,0.0,0.0,0.0,0.0,0.0,0.0,69.44,24.718,1.26
367120.0,9654.0,7993.0,100.0,36133.293,950.182,786.7,9.842,43821.0,0.0,0.0,4.313,0.1576,6.3,0.0,0.0,0.0,0.0,0.0,0.0,0.0,0.0,69.44,24.718,1.25
367120.0,0.0,7993.0,0.0,36133.293,0.0,786.7,0.0,43821.0,0.0,0.0,4.313,0.1554,6.4,0.0,0.0,0.0,0.0,0.0,0.0,0.0,0.0,69.44,24.718,1.24
367120.0,0.0,7993.0,0.0,36133.293,0.0,786.7,0.0,43821.0,0.0,0.0,4.313,0.1533,6.5,0.0,0.0,0.0,0.0,0.0,0.0,0.0,0.0,69.44,24.718,1.22
367120.0,0.0,7993.0,0.0,36133.293,0.0,786.7,0.0,34116.0,0.0,0.0,3.358,0.1583,6.3,0.0,0.0,0.0,0.0,0.0,0.0,0.0,0.0,69.44,24.718,1.2
389439.0,22319.0,7993.0,0.0,38330.01,2196.718,786.7,0.0,34116.0,0.0,0.0,3.358,0.1685,5.9,0.0,0.0,0.0,0.0,0.0,0.0,0.0,0.0,69.44,24.718,1.18
396048.0,6609.0,8279.0,286.0,38980.492,650.482,814.849,28.149,34116.0,0.0,0.0,3.358,0.171,5.8,0.0,0.0,0.0,0.0,0.0,0.0,0.0,0.0,69.44,24.718,1.19
396048.0,0.0,8279.0,0.0,38980.492,0.0,814.849,0.0,34116.0,0.0,0.0,3.358,0.144,6.9,0.0,0.0,0.0,0.0,0.0,0.0,0.0,0.0,69.44,24.718,1.2
396048.0,0.0,8279.0,0.0,38980.492,0.0,814.849,0.0,34116.0,0.0,0.0,3.358,0.112,8.9,0.0,0.0,0.0,0.0,0.0,0.0,0.0,0.0,69.44,24.718,1.23
396048.0,0.0,8279.0,0.0,38980.492,0.0,814.849,0.0,34116.0,0.0,0.0,3.358,0.1164,8.6,0.0,0.0,0.0,0.0,0.0,0.0,0.0,0.0,69.44,24.718,1.28
396048.0,0.0,8279.0,0.0,38980.492,0.0,814.849,0.0,34116.0,0.0,0.0,3.358,0.1211,8.3,0.0,0.0,0.0,0.0,0.0,0.0,0.0,0.0,69.44,24.718,1.33
396048.0,0.0,8279.0,0.0,38980.492,0.0,814.849,0.0,29221.0,0.0,0.0,2.876,0.1237,8.1,0.0,0.0,0.0,0.0,0.0,0.0,0.0,0.0,69.44,24.718,1.38
428533.0,32485.0,8279.0,0.0,42177.785,3197.292,814.849,0.0,29221.0,0.0,0.0,2.876,0.1707,5.9,0.0,0.0,0.0,0.0,0.0,0.0,0.0,0.0,69.44,24.718,1.42
437379.0,8846.0,8727.0,448.0,43048.44,870.656,858.943,44.094,29221.0,0.0,0.0,2.876,0.1844,5.4,0.0,0.0,0.0,0.0,0.0,0.0,0.0,0.0,69.44,24.718,1.4
437379.0,0.0,8727.0,0.0,43048.44,0.0,858.943,0.0,29221.0,0.0,0.0,2.876,0.1885,5.3,0.0,0.0,0.0,0.0,0.0,0.0,0.0,0.0,69.44,24.718,1.36
437379.0,0.0,8727.0,0.0,43048.44,0.0,858.943,0.0,29221.0,0.0,0.0,2.876,0.1928,5.2,0.0,0.0,0.0,0.0,0.0,0.0,0.0,0.0,69.44,24.718,1.35
437379.0,0.0,8727.0,0.0,43048.44,0.0,858.943,0.0,29221.0,0.0,0.0,2.876,0.1973,5.1,0.0,0.0,0.0,0.0,0.0,0.0,0.0,0.0,69.44,24.718,1.35
437379.0,0.0,8727.0,0.0,43048.44,0.0,858.943,0.0,29221.0,0.0,0.0,2.876,0.2021,4.9,2474.0,2474.0,0.0,0.0,0.02,0.02,0.0,0.0,69.44,24.718,1.37
437379.0,0.0,8727.0,0.0,43048.44,0.0,858.943,0.0,30475.0,0.0,0.0,2.999,0.2008,5.0,2474.0,2474.0,0.0,0.0,0.02,0.02,0.0,0.0,69.44,24.718,1.38
469748.0,32369.0,8965.0,238.0,46234.316,3185.875,882.368,23.425,30475.0,0.0,0.0,2.999,0.1991,5.0,2474.0,2474.0,0.0,0.0,0.02,0.02,0.0,0.0,69.44,24.718,1.39
469748.0,0.0,8965.0,0.0,46234.316,0.0,882.368,0.0,30475.0,0.0,0.0,2.999,0.1554,6.4,2474.0,2474.0,0.0,0.0,0.02,0.02,0.0,0.0,69.44,24.718,1.35
482284.0,12536.0,9262.0,297.0,47468.155,1233.839,911.6,29.232,30475.0,0.0,0.0,2.999,0.2143,4.7,2474.0,2474.0,0.0,0.0,0.02,0.02,0.0,0.0,69.44,24.718,1.32
489471.0,7187.0,9433.0,171.0,48175.526,707.371,928.43,16.83,30475.0,0.0,0.0,2.999,0.2471,4.0,2474.0,2474.0,0.0,0.0,0.02,0.02,0.0,0.0,69.44,24.718,1.27
489471.0,0.0,9433.0,0.0,48175.526,0.0,928.43,0.0,30475.0,0.0,0.0,2.999,0.2456,4.1,2474.0,2474.0,0.0,0.0,0.02,0.02,0.0,0.0,69.44,24.718,1.21
489471.0,0.0,9433.0,0.0,48175.526,0.0,928.43,0.0,30475.0,0.0,0.0,2.999,0.2442,4.1,2474.0,2474.0,0.0,0.0,0.02,0.02,0.0,0.0,69.44,24.718,1.16
489471.0,0.0,9433.0,0.0,48175.526,0.0,928.43,0.0,29567.0,0.0,0.0,2.91,0.2452,4.1,2474.0,2474.0,0.0,0.0,0.02,0.02,0.0,0.0,69.44,24.718,1.11
506866.0,17395.0,9433.0,0.0,49887.605,1712.08,928.43,0.0,29567.0,0.0,0.0,2.91,0.1755,5.7,2474.0,2474.0,0.0,0.0,0.02,0.02,0.0,0.0,69.44,24.718,1.06
512203.0,5337.0,9834.0,401.0,50412.892,525.287,967.898,39.468,29567.0,0.0,0.0,2.91,0.2016,5.0,2474.0,2474.0,0.0,0.0,0.02,0.02,0.0,0.0,69.44,24.718,1.04
518783.0,6580.0,10185.0,351.0,51060.52,647.628,1002.445,34.547,29567.0,0.0,0.0,2.91,0.1741,5.7,2474.0,2474.0,0.0,0.0,0.02,0.02,0.0,0.0,69.44,24.718,1.02
523486.0,4703.0,10323.0,138.0,51523.406,462.886,1016.027,13.582,29567.0,0.0,0.0,2.91,0.1629,6.1,2474.0,2474.0,0.0,0.0,0.02,0.02,0.0,0.0,69.44,24.718,1.0
523486.0,0.0,10323.0,0.0,51523.406,0.0,1016.027,0.0,29567.0,0.0,0.0,2.91,0.1636,6.1,2474.0,2474.0,0.0,0.0,0.02,0.02,0.0,0.0,69.44,24.718,0.98
523486.0,0.0,10323.0,0.0,51523.406,0.0,1016.027,0.0,29567.0,0.0,0.0,2.91,0.1643,6.1,133014.0,132450.0,563.0,0.0,1.31,1.3,0.01,0.0,69.44,24.718,0.95
523486.0,0.0,10323.0,0.0,51523.406,0.0,1016.027,0.0,28494.0,0.0,0.0,2.804,0.1652,6.1,133014.0,132450.0,563.0,0.0,1.31,1.3,0.01,0.0,69.44,24.718,0.92
533265.0,9779.0,10323.0,0.0,52485.891,962.485,1016.027,0.0,28494.0,0.0,0.0,2.804,0.1289,7.8,133014.0,132450.0,563.0,0.0,1.31,1.3,0.01,0.0,69.44,24.718,0.9
537967.0,4702.0,10797.0,474.0,52948.679,462.788,1062.68,46.653,28494.0,0.0,0.0,2.804,0.1264,7.9,133014.0,132450.0,563.0,0.0,1.31,1.3,0.01,0.0,69.44,24.718,0.9
542952.0,4985.0,10921.0,124.0,53439.321,490.642,1074.885,12.205,28494.0,0.0,0.0,2.804,0.1192,8.4,133014.0,132450.0,563.0,0.0,1.31,1.3,0.01,0.0,69.44,24.718,0.91
547166.0,4214.0,11005.0,84.0,53854.078,414.757,1083.152,8.268,28494.0,0.0,0.0,2.804,0.1175,8.5,133014.0,132450.0,563.0,0.0,1.31,1.3,0.01,0.0,69.44,24.718,0.92
547166.0,0.0,11005.0,0.0,53854.078,0.0,1083.152,0.0,28494.0,0.0,0.0,2.804,0.1181,8.5,133014.0,132450.0,563.0,0.0,1.31,1.3,0.01,0.0,69.44,24.718,0.92
547166.0,0.0,11005.0,0.0,53854.078,0.0,1083.152,0.0,28494.0,0.0,0.0,2.804,0.1187,8.4,249763.0,237698.0,12062.0,0.0,2.46,2.34,0.12,0.0,69.44,24.718,0.92
547166.0,0.0,11005.0,0.0,53854.078,0.0,1083.152,0.0,28405.0,0.0,0.0,2.796,0.1188,8.4,249763.0,237698.0,12062.0,0.0,2.46,2.34,0.12,0.0,69.44,24.718,0.92
556289.0,9123.0,11247.0,242.0,54751.997,897.919,1106.971,23.819,28405.0,0.0,0.0,2.796,0.1155,8.7,249763.0,237698.0,12062.0,0.0,2.46,2.34,0.12,0.0,69.44,24.718,0.91
560472.0,4183.0,11425.0,178.0,55163.704,411.706,1124.49,17.519,28405.0,0.0,0.0,2.796,0.113,8.9,249763.0,237698.0,12062.0,0.0,2.46,2.34,0.12,0.0,69.44,24.718,0.92
564557.0,4085.0,11520.0,95.0,55565.764,402.061,1133.841,9.35,28405.0,0.0,0.0,2.796,0.1085,9.2,249763.0,237698.0,12062.0,0.0,2.46,2.34,0.12,0.0,69.44,24.718,0.94
566957.0,2400.0,11591.0,71.0,55801.981,236.217,1140.829,6.988,28405.0,0.0,0.0,2.796,0.0994,10.1,249763.0,237698.0,12062.0,0.0,2.46,2.34,0.12,0.0,69.44,24.718,0.95
566957.0,0.0,11591.0,0.0,55801.981,0.0,1140.829,0.0,28405.0,0.0,0.0,2.796,0.0995,10.1,249763.0,237698.0,12062.0,0.0,2.46,2.34,0.12,0.0,69.44,24.718,0.97
566957.0,0.0,11591.0,0.0,55801.981,0.0,1140.829,0.0,28405.0,0.0,0.0,2.796,0.0995,10.0,341187.0,302426.0,38755.0,0.0,3.36,2.98,0.38,0.0,69.44,24.718,0.98
566957.0,0.0,11591.0,0.0,55801.981,0.0,1140.829,0.0,29034.0,0.0,0.0,2.858,0.0992,10.1,341187.0,302426.0,38755.0,0.0,3.36,2.98,0.38,0.0,69.44,24.718,1.0
576606.0,9649.0,11815.0,224.0,56751.671,949.69,1162.876,22.047,29034.0,0.0,0.0,2.858,0.1015,9.8,341187.0,302426.0,38755.0,0.0,3.36,2.98,0.38,0.0,69.44,24.718,1.01
580916.0,4310.0,11939.0,124.0,57175.877,424.206,1175.08,12.205,29034.0,0.0,0.0,2.858,0.1019,9.8,341187.0,302426.0,38755.0,0.0,3.36,2.98,0.38,0.0,69.44,24.718,1.02
584674.0,3758.0,12028.0,89.0,57545.753,369.876,1183.84,8.76,29034.0,0.0,0.0,2.858,0.0999,10.0,341187.0,302426.0,38755.0,0.0,3.36,2.98,0.38,0.0,69.44,24.718,1.03
588062.0,3388.0,12115.0,87.0,57879.212,333.459,1192.403,8.563,29034.0,0.0,0.0,2.858,0.1045,9.6,341187.0,302426.0,38755.0,0.0,3.36,2.98,0.38,0.0,69.44,24.718,1.04
588062.0,0.0,12115.0,0.0,57879.212,0.0,1192.403,0.0,29034.0,0.0,0.0,2.858,0.1042,9.6,341187.0,302426.0,38755.0,0.0,3.36,2.98,0.38,0.0,69.44,24.718,1.05
588062.0,0.0,12115.0,0.0,57879.212,0.0,1192.403,0.0,29034.0,0.0,0.0,2.858,0.1038,9.6,441602.0,345730.0,95865.0,0.0,4.35,3.4,0.94,0.0,69.44,24.718,1.05
588062.0,0.0,12115.0,0.0,57879.212,0.0,1192.403,0.0,30710.0,0.0,0.0,3.023,0.103,9.7,441602.0,345730.0,95865.0,0.0,4.35,3.4,0.94,0.0,69.44,24.718,1.06
596174.0,8112.0,12188.0,73.0,58677.625,798.413,1199.588,7.185,30710.0,0.0,0.0,3.023,0.0947,10.6,441602.0,345730.0,95865.0,0.0,4.35,3.4,0.94,0.0,69.44,24.718,1.07
600244.0,4070.0,12326.0,138.0,59078.209,400.584,1213.17,13.582,30710.0,0.0,0.0,3.023,0.0928,10.8,441602.0,345730.0,95865.0,0.0,4.35,3.4,0.94,0.0,69.44,24.718,1.08
604577.0,4333.0,12370.0,44.0,59504.679,426.47,1217.501,4.331,30710.0,0.0,0.0,3.023,0.0948,10.5,441602.0,345730.0,95865.0,0.0,4.35,3.4,0.94,0.0,69.44,24.718,1.1
608411.0,3834.0,12428.0,58.0,59882.035,377.356,1223.209,5.709,30710.0,0.0,0.0,3.023,0.0962,10.4,441602.0,345730.0,95865.0,0.0,4.35,3.4,0.94,0.0,69.44,24.718,1.11
608411.0,0.0,12428.0,0.0,59882.035,0.0,1223.209,0.0,30710.0,0.0,0.0,3.023,0.0954,10.5,441602.0,345730.0,95865.0,0.0,4.35,3.4,0.94,0.0,69.44,24.718,1.12
608411.0,0.0,12428.0,0.0,59882.035,0.0,1223.209,0.0,30710.0,0.0,0.0,3.023,0.0947,10.6,559841.0,392165.0,167665.0,0.0,5.51,3.86,1.65,0.0,69.44,24.718,1.13
608411.0,0.0,12428.0,0.0,59882.035,0.0,1223.209,0.0,32580.0,0.0,0.0,3.207,0.0938,10.7,559841.0,392165.0,167665.0,0.0,5.51,3.86,1.65,0.0,69.44,24.718,1.15
617869.0,9458.0,12487.0,59.0,60812.926,930.891,1229.016,5.807,32580.0,0.0,0.0,3.207,0.0992,10.1,559841.0,392165.0,167665.0,0.0,5.51,3.86,1.65,0.0,69.44,24.718,1.16
622102.0,4233.0,12569.0,82.0,61229.554,416.627,1237.087,8.071,32580.0,0.0,0.0,3.207,0.0991,10.1,559841.0,392165.0,167665.0,0.0,5.51,3.86,1.65,0.0,69.44,24.718,1.17
627022.0,4920.0,12598.0,29.0,61713.798,484.244,1239.941,2.854,32580.0,0.0,0.0,3.207,0.1009,9.9,559841.0,392165.0,167665.0,0.0,5.51,3.86,1.65,0.0,69.44,24.718,1.18
631166.0,4144.0,12649.0,51.0,62121.666,407.868,1244.961,5.02,32580.0,0.0,0.0,3.207,0.1014,9.9,559841.0,392165.0,167665.0,0.0,5.51,3.86,1.65,0.0,69.44,24.718,1.18
631166.0,0.0,12649.0,0.0,62121.666,0.0,1244.961,0.0,32580.0,0.0,0.0,3.207,0.1006,9.9,559841.0,392165.0,167665.0,0.0,5.51,3.86,1.65,0.0,69.44,24.718,1.19
631166.0,0.0,12649.0,0.0,62121.666,0.0,1244.961,0.0,32580.0,0.0,0.0,3.207,0.0998,10.0,714766.0,462371.0,252380.0,0.0,7.03,4.55,2.48,0.0,69.44,24.718,1.2
631166.0,0.0,12649.0,0.0,62121.666,0.0,1244.961,0.0,34898.0,0.0,0.0,3.435,0.0988,10.1,714766.0,462371.0,252380.0,0.0,7.03,4.55,2.48,0.0,69.44,24.718,1.2
642099.0,10933.0,12713.0,64.0,63197.731,1076.066,1251.26,6.299,34898.0,0.0,0.0,3.435,0.1041,9.6,714766.0,462371.0,252380.0,0.0,7.03,4.55,2.48,0.0,69.44,24.718,1.21
647470.0,5371.0,12793.0,80.0,63726.365,528.633,1259.134,7.874,34898.0,0.0,0.0,3.435,0.1079,9.3,714766.0,462371.0,252380.0,0.0,7.03,4.55,2.48,0.0,69.44,24.718,1.21
652465.0,4995.0,12798.0,5.0,64217.991,491.626,1259.626,0.492,34898.0,0.0,0.0,3.435,0.1072,9.3,714766.0,462371.0,252380.0,0.0,7.03,4.55,2.48,0.0,69.44,24.718,1.21
657309.0,4844.0,12826.0,28.0,64694.755,476.764,1262.382,2.756,34898.0,0.0,0.0,3.435,0.1091,9.2,714766.0,462371.0,252380.0,0.0,7.03,4.55,2.48,0.0,69.44,24.718,1.21
657309.0,0.0,12826.0,0.0,64694.755,0.0,1262.382,0.0,34898.0,0.0,0.0,3.435,0.108,9.3,714766.0,462371.0,252380.0,0.0,7.03,4.55,2.48,0.0,69.44,24.718,1.21
657309.0,0.0,12826.0,0.0,64694.755,0.0,1262.382,0.0,34898.0,0.0,0.0,3.435,0.107,9.3,871712.0,564195.0,307501.0,0.0,8.58,5.55,3.03,0.0,69.44,24.718,1.2
657309.0,0.0,12826.0,0.0,64694.755,0.0,1262.382,0.0,36440.0,0.0,0.0,3.587,0.1063,9.4,871712.0,564195.0,307501.0,0.0,8.58,5.55,3.03,0.0,69.44,24.718,1.2
669113.0,11804.0,12882.0,56.0,65856.548,1161.793,1267.894,5.512,36440.0,0.0,0.0,3.587,0.1092,9.2,871712.0,564195.0,307501.0,0.0,8.58,5.55,3.03,0.0,69.44,24.718,1.2
675292.0,6179.0,12964.0,82.0,66464.708,608.16,1275.964,8.071,36440.0,0.0,0.0,3.587,0.1118,8.9,871712.0,564195.0,307501.0,0.0,8.58,5.55,3.03,0.0,69.44,24.718,1.2
680130.0,4838.0,12977.0,13.0,66940.882,476.174,1277.244,1.28,36440.0,0.0,0.0,3.587,0.1105,9.1,871712.0,564195.0,307501.0,0.0,8.58,5.55,3.03,0.0,69.44,24.718,1.19
684961.0,4831.0,13003.0,26.0,67416.366,475.485,1279.803,2.559,36440.0,0.0,0.0,3.587,0.1097,9.1,871712.0,564195.0,307501.0,0.0,8.58,5.55,3.03,0.0,69.44,24.718,1.19
684961.0,0.0,13003.0,0.0,67416.366,0.0,1279.803,0.0,36440.0,0.0,0.0,3.587,0.1091,9.2,871712.0,564195.0,307501.0,0.0,8.58,5.55,3.03,0.0,69.44,24.718,1.18
684961.0,0.0,13003.0,0.0,67416.366,0.0,1279.803,0.0,36440.0,0.0,0.0,3.587,0.1084,9.2,1062006.0,716333.0,345653.0,0.0,10.45,7.05,3.4,0.0,69.44,24.718,1.18
684961.0,0.0,13003.0,0.0,67416.366,0.0,1279.803,0.0,39611.0,0.0,0.0,3.899,0.1071,9.3,1062006.0,716333.0,345653.0,0.0,10.45,7.05,3.4,0.0,69.44,24.718,1.18
695975.0,11014.0,13042.0,39.0,68500.404,1084.038,1283.641,3.839,39611.0,0.0,0.0,3.899,0.1028,9.7,1062006.0,716333.0,345653.0,0.0,10.45,7.05,3.4,0.0,69.44,24.718,1.17
701892.0,5917.0,13088.0,46.0,69082.777,582.373,1288.169,4.527,39611.0,0.0,0.0,3.899,0.1005,9.9,1062006.0,716333.0,345653.0,0.0,10.45,7.05,3.4,0.0,69.44,24.718,1.18
707192.0,5300.0,13111.0,23.0,69604.423,521.645,1290.433,2.264,39611.0,0.0,0.0,3.899,0.1011,9.9,1062006.0,716333.0,345653.0,0.0,10.45,7.05,3.4,0.0,69.44,24.718,1.19
712527.0,5335.0,13146.0,35.0,70129.513,525.09,1293.877,3.445,39611.0,0.0,0.0,3.899,0.1017,9.8,1062006.0,716333.0,345653.0,0.0,10.45,7.05,3.4,0.0,69.44,24.718,1.19
712527.0,0.0,13146.0,0.0,70129.513,0.0,1293.877,0.0,39611.0,0.0,0.0,3.899,0.1006,9.9,1062006.0,716333.0,345653.0,0.0,10.45,7.05,3.4,0.0,69.44,24.718,1.2
712527.0,0.0,13146.0,0.0,70129.513,0.0,1293.877,0.0,39611.0,0.0,0.0,3.899,0.0994,10.1,1283787.0,898517.0,385247.0,0.0,12.64,8.84,3.79,0.0,69.44,24.718,1.2
712527.0,0.0,13146.0,0.0,70129.513,0.0,1293.877,0.0,44584.0,0.0,0.0,4.388,0.0977,10.2,1283787.0,898517.0,385247.0,0.0,12.64,8.84,3.79,0.0,69.44,24.718,1.21
725289.0,12762.0,13172.0,26.0,71385.595,1256.083,1296.436,2.559,44584.0,0.0,0.0,4.388,0.1021,9.8,1283787.0,898517.0,385247.0,0.0,12.64,8.84,3.79,0.0,69.44,24.718,1.21
732070.0,6781.0,13228.0,56.0,72053.006,667.411,1301.948,5.512,44584.0,0.0,0.0,4.388,0.1033,9.7,1283787.0,898517.0,385247.0,0.0,12.64,8.84,3.79,0.0,69.44,24.718,1.22
738537.0,6467.0,13236.0,8.0,72689.512,636.506,1302.736,0.787,44584.0,0.0,0.0,4.388,0.1055,9.5,1283787.0,898517.0,385247.0,0.0,12.64,8.84,3.79,0.0,69.44,24.718,1.22
744272.0,5735.0,13262.0,26.0,73253.972,564.46,1305.295,2.559,44584.0,0.0,0.0,4.388,0.1051,9.5,1283787.0,898517.0,385247.0,0.0,12.64,8.84,3.79,0.0,69.44,24.718,1.22
744272.0,0.0,13262.0,0.0,73253.972,0.0,1305.295,0.0,44584.0,0.0,0.0,4.388,0.1034,9.7,1283787.0,898517.0,385247.0,0.0,12.64,8.84,3.79,0.0,69.44,24.718,1.22
744272.0,0.0,13262.0,0.0,73253.972,0.0,1305.295,0.0,44584.0,0.0,0.0,4.388,0.1017,9.8,1458576.0,1017473.0,441073.0,0.0,14.36,10.01,4.34,0.0,69.44,24.718,1.22
744272.0,0.0,13262.0,0.0,73253.972,0.0,1305.295,0.0,48560.0,0.0,0.0,4.779,0.1004,10.0,1458576.0,1017473.0,441073.0,0.0,14.36,10.01,4.34,0.0,69.44,24.718,1.23
758335.0,14063.0,13315.0,53.0,74638.104,1384.132,1310.511,5.216,48560.0,0.0,0.0,4.779,0.1033,9.7,1458576.0,1017473.0,441073.0,0.0,14.36,10.01,4.34,0.0,69.44,24.718,1.23
765984.0,7649.0,13357.0,42.0,75390.946,752.843,1314.645,4.134,48560.0,0.0,0.0,4.779,0.1047,9.6,1458576.0,1017473.0,441073.0,0.0,14.36,10.01,4.34,0.0,69.44,24.718,1.23
773690.0,7706.0,13373.0,16.0,76149.399,758.453,1316.22,1.575,48560.0,0.0,0.0,4.779,0.1072,9.3,1458576.0,1017473.0,441073.0,0.0,14.36,10.01,4.34,0.0,69.44,24.718,1.23
780018.0,6328.0,13402.0,29.0,76772.224,622.825,1319.074,2.854,48560.0,0.0,0.0,4.779,0.1077,9.3,1458576.0,1017473.0,441073.0,0.0,14.36,10.01,4.34,0.0,69.44,24.718,1.23
780018.0,0.0,13402.0,0.0,76772.224,0.0,1319.074,0.0,48560.0,0.0,0.0,4.779,0.1064,9.4,1458576.0,1017473.0,441073.0,0.0,14.36,10.01,4.34,0.0,69.44,24.718,1.23
780018.0,0.0,13402.0,0.0,76772.224,0.0,1319.074,0.0,48560.0,0.0,0.0,4.779,0.1052,9.5,1657345.0,1146262.0,511051.0,0.0,16.31,11.28,5.03,0.0,69.44,24.718,1.23
780018.0,0.0,13402.0,0.0,76772.224,0.0,1319.074,0.0,46403.0,0.0,0.0,4.567,0.1058,9.4,1657345.0,1146262.0,511051.0,0.0,16.31,11.28,5.03,0.0,69.44,24.718,1.22
796445.0,16427.0,13430.0,28.0,78389.029,1616.805,1321.83,2.756,46403.0,0.0,0.0,4.567,0.1136,8.8,1657345.0,1146262.0,511051.0,0.0,16.31,11.28,5.03,0.0,69.44,24.718,1.22
804886.0,8441.0,13465.0,35.0,79219.823,830.794,1325.275,3.445,46403.0,0.0,0.0,4.567,0.1167,8.6,1657345.0,1146262.0,511051.0,0.0,16.31,11.28,5.03,0.0,69.44,24.718,1.22
813191.0,8305.0,13498.0,33.0,80037.232,817.408,1328.523,3.248,46403.0,0.0,0.0,4.567,0.1192,8.4,1657345.0,1146262.0,511051.0,0.0,16.31,11.28,5.03,0.0,65.74,24.718,1.22
813191.0,0.0,13498.0,0.0,80037.232,0.0,1328.523,0.0,46403.0,0.0,0.0,4.567,0.1008,9.9,1657345.0,1146262.0,511051.0,0.0,16.31,11.28,5.03,0.0,65.74,24.718,1.21
813191.0,0.0,13498.0,0.0,80037.232,0.0,1328.523,0.0,46403.0,0.0,0.0,4.567,0.1015,9.9,1657345.0,1146262.0,511051.0,0.0,16.31,11.28,5.03,0.0,65.74,24.718,1.23
813191.0,0.0,13498.0,0.0,80037.232,0.0,1328.523,0.0,46403.0,0.0,0.0,4.567,0.1021,9.8,1923176.0,1343168.0,579975.0,0.0,18.93,13.22,5.71,0.0,65.74,24.718,1.25
813191.0,0.0,13498.0,0.0,80037.232,0.0,1328.523,0.0,44659.0,0.0,0.0,4.396,0.1027,9.7,1923176.0,1343168.0,579975.0,0.0,18.93,13.22,5.71,0.0,65.74,24.718,1.27
834993.0,21802.0,13533.0,35.0,82183.064,2145.833,1331.967,3.445,44659.0,0.0,0.0,4.396,0.12,8.3,1923176.0,1343168.0,579975.0,0.0,18.93,13.22,5.71,0.0,65.74,24.718,1.29
841807.0,6814.0,13578.0,45.0,82853.723,670.659,1336.396,4.429,44659.0,0.0,0.0,4.396,0.1155,8.7,1923176.0,1343168.0,579975.0,0.0,18.93,13.22,5.71,0.0,65.74,24.718,1.27
849629.0,7822.0,13595.0,17.0,83623.593,769.87,1338.07,1.673,44659.0,0.0,0.0,4.396,0.1146,8.7,1923176.0,1343168.0,579975.0,0.0,18.93,13.22,5.71,0.0,65.74,24.718,1.26
857401.0,7772.0,13621.0,26.0,84388.542,764.949,1340.629,2.559,44659.0,0.0,0.0,4.396,0.1399,7.1,1923176.0,1343168.0,579975.0,0.0,18.93,13.22,5.71,0.0,65.74,24.718,1.25
857401.0,0.0,13621.0,0.0,84388.542,0.0,1340.629,0.0,44659.0,0.0,0.0,4.396,0.1406,7.1,1923176.0,1343168.0,579975.0,0.0,18.93,13.22,5.71,0.0,65.74,24.718,1.23
857401.0,0.0,13621.0,0.0,84388.542,0.0,1340.629,0.0,44659.0,0.0,0.0,4.396,0.1414,7.1,2269138.0,1594590.0,674512.0,0.0,22.33,15.69,6.64,0.0,65.74,24.718,1.22
857401.0,0.0,13621.0,0.0,84388.542,0.0,1340.629,0.0,48658.0,0.0,0.0,4.789,0.1396,7.2,2269138.0,1594590.0,674512.0,0.0,22.33,15.69,6.64,0.0,65.74,24.718,1.2
876506.0,19105.0,13660.0,39.0,86268.926,1880.384,1344.467,3.839,48658.0,0.0,0.0,4.789,0.1295,7.7,2269138.0,1594590.0,674512.0,0.0,22.33,15.69,6.64,0.0,65.74,24.718,1.19
885385.0,8879.0,13720.0,60.0,87142.829,873.904,1350.373,5.905,48658.0,0.0,0.0,4.789,0.1342,7.4,2269138.0,1594590.0,674512.0,0.0,22.33,15.69,6.64,0.0,65.74,24.718,1.18
892480.0,7095.0,13761.0,41.0,87841.145,698.316,1354.408,4.035,48658.0,0.0,0.0,4.789,0.1304,7.7,2269138.0,1594590.0,674512.0,0.0,22.33,15.69,6.64,0.0,65.74,24.718,1.16
900138.0,7658.0,13788.0,27.0,88594.873,753.728,1357.065,2.657,48658.0,0.0,0.0,4.789,0.1285,7.8,2269138.0,1594590.0,674512.0,0.0,22.33,15.69,6.64,0.0,65.74,24.718,1.15
900138.0,0.0,13788.0,0.0,88594.873,0.0,1357.065,0.0,48658.0,0.0,0.0,4.789,0.127,7.9,2269138.0,1594590.0,674512.0,0.0,22.33,15.69,6.64,0.0,65.74,24.718,1.13
900138.0,0.0,13788.0,0.0,88594.873,0.0,1357.065,0.0,48658.0,0.0,0.0,4.789,0.1255,8.0,2744594.0,2003043.0,741511.0,0.0,27.01,19.71,7.3,0.0,65.74,24.718,1.12
900138.0,0.0,13788.0,0.0,88594.873,0.0,1357.065,0.0,46636.0,0.0,0.0,4.59,0.1262,7.9,2744594.0,2003043.0,741511.0,0.0,27.01,19.71,7.3,0.0,65.74,24.718,1.1
916830.0,16692.0,13825.0,37.0,90237.761,1642.888,1360.707,3.642,46636.0,0.0,0.0,4.59,0.1198,8.3,2744594.0,2003043.0,741511.0,0.0,27.01,19.71,7.3,0.0,65.74,24.718,1.09
924340.0,7510.0,13863.0,38.0,90976.923,739.162,1364.447,3.74,46636.0,0.0,0.0,4.59,0.1164,8.6,2744594.0,2003043.0,741511.0,0.0,27.01,19.71,7.3,0.0,65.74,24.718,1.08
932076.0,7736.0,13882.0,19.0,91738.328,761.405,1366.317,1.87,46636.0,0.0,0.0,4.59,0.1191,8.4,2744594.0,2003043.0,741511.0,0.0,27.01,19.71,7.3,0.0,65.74,24.718,1.08
938343.0,6267.0,13923.0,41.0,92355.149,616.821,1370.353,4.035,46636.0,0.0,0.0,4.59,0.1156,8.7,2744594.0,2003043.0,741511.0,0.0,27.01,19.71,7.3,0.0,65.74,24.718,1.07
938343.0,0.0,13923.0,0.0,92355.149,0.0,1370.353,0.0,46636.0,0.0,0.0,4.59,0.1163,8.6,2744594.0,2003043.0,741511.0,0.0,27.01,19.71,7.3,0.0,65.74,24.718,1.06
938343.0,0.0,13923.0,0.0,92355.149,0.0,1370.353,0.0,46636.0,0.0,0.0,4.59,0.117,8.5,3185843.0,2405747.0,780053.0,0.0,31.36,23.68,7.68,0.0,65.74,24.718,1.06
938343.0,0.0,13923.0,0.0,92355.149,0.0,1370.353,0.0,49375.0,0.0,0.0,4.86,0.1161,8.6,3185843.0,2405747.0,780053.0,0.0,31.36,23.68,7.68,0.0,65.74,24.718,1.05
953254.0,14911.0,13968.0,45.0,93822.744,1467.595,1374.782,4.429,49375.0,0.0,0.0,4.86,0.1097,9.1,3185843.0,2405747.0,780053.0,0.0,31.36,23.68,7.68,0.0,65.74,24.718,1.04
960520.0,7266.0,14000.0,32.0,94537.891,715.146,1377.931,3.15,49375.0,0.0,0.0,4.86,0.1081,9.3,3185843.0,2405747.0,780053.0,0.0,31.36,23.68,7.68,0.0,65.74,24.718,1.04
967678.0,7158.0,14002.0,2.0,95242.407,704.517,1378.128,0.197,49375.0,0.0,0.0,4.86,0.1055,9.5,3185843.0,2405747.0,780053.0,0.0,31.36,23.68,7.68,0.0,65.74,24.718,1.04
973604.0,5926.0,14048.0,46.0,95825.666,583.259,1382.656,4.527,49375.0,0.0,0.0,4.86,0.1037,9.6,3185843.0,2405747.0,780053.0,0.0,31.36,23.68,7.68,0.0,65.74,24.718,1.03
973604.0,0.0,14048.0,0.0,95825.666,0.0,1382.656,0.0,49375.0,0.0,0.0,4.86,0.1028,9.7,3185843.0,2405747.0,780053.0,0.0,31.36,23.68,7.68,0.0,65.74,24.718,1.03
973604.0,0.0,14048.0,0.0,95825.666,0.0,1382.656,0.0,49375.0,0.0,0.0,4.86,0.102,9.8,3586490.0,2778588.0,807848.0,0.0,35.3,27.35,7.95,0.0,65.74,24.718,1.03
973604.0,0.0,14048.0,0.0,95825.666,0.0,1382.656,0.0,51085.0,0.0,0.0,5.028,0.1015,9.9,3586490.0,2778588.0,807848.0,0.0,35.3,27.35,7.95,0.0,65.74,24.718,1.03
988554.0,14950.0,14091.0,43.0,97297.099,1471.434,1386.888,4.232,51085.0,0.0,0.0,5.028,0.1011,9.9,3586490.0,2778588.0,807848.0,0.0,35.3,27.35,7.95,0.0,65.74,24.718,1.02
995595.0,7041.0,14151.0,60.0,97990.1,693.001,1392.793,5.905,51085.0,0.0,0.0,5.028,0.1,10.0,3586490.0,2778588.0,807848.0,0.0,35.3,27.35,7.95,0.0,65.74,24.718,1.02
1002121.0,6526.0,14158.0,7.0,98632.413,642.313,1393.482,0.689,51085.0,0.0,0.0,5.028,0.0977,10.2,3586490.0,2778588.0,807848.0,0.0,35.3,27.35,7.95,0.0,65.74,24.718,1.01
1007792.0,5671.0,14173.0,15.0,99190.574,558.161,1394.958,1.476,51085.0,0.0,0.0,5.028,0.0965,10.4,3586490.0,2778588.0,807848.0,0.0,35.3,27.35,7.95,0.0,65.74,24.718,1.0
1007792.0,0.0,14173.0,0.0,99190.574,0.0,1394.958,0.0,51085.0,0.0,0.0,5.028,0.0961,10.4,3586490.0,2778588.0,807848.0,0.0,35.3,27.35,7.95,0.0,65.74,24.718,0.99
1007792.0,0.0,14173.0,0.0,99190.574,0.0,1394.958,0.0,51085.0,0.0,0.0,5.028,0.0956,10.5,4045788.0,3121755.0,923975.0,0.0,39.82,30.73,9.09,0.0,65.74,24.718,0.98
1007792.0,0.0,14173.0,0.0,99190.574,0.0,1394.958,0.0,41424.0,0.0,0.0,4.077,0.0983,10.2,4045788.0,3121755.0,923975.0,0.0,39.82,30.73,9.09,0.0,65.74,24.718,0.97
1021604.0,13812.0,14217.0,44.0,100550.001,1359.428,1399.289,4.331,41424.0,0.0,0.0,4.077,0.0977,10.2,4045788.0,3121755.0,923975.0,0.0,39.82,30.73,9.09,0.0,65.74,24.718,0.96
1027934.0,6330.0,14267.0,50.0,101173.023,623.022,1404.21,4.921,41424.0,0.0,0.0,4.077,0.0984,10.2,4045788.0,3121755.0,923975.0,0.0,39.82,30.73,9.09,0.0,65.74,24.718,0.95
1027934.0,0.0,14267.0,0.0,101173.023,0.0,1404.21,0.0,41424.0,0.0,0.0,4.077,0.0809,12.4,4045788.0,3121755.0,923975.0,0.0,39.82,30.73,9.09,0.0,65.74,24.718,0.93
1037126.0,9192.0,14275.0,8.0,102077.733,904.71,1404.998,0.787,41424.0,0.0,0.0,4.077,0.0948,10.5,4045788.0,3121755.0,923975.0,0.0,39.82,30.73,9.09,0.0,65.74,24.718,0.93
1037126.0,0.0,14275.0,0.0,102077.733,0.0,1404.998,0.0,41424.0,0.0,0.0,4.077,0.0979,10.2,4045788.0,3121755.0,923975.0,0.0,39.82,30.73,9.09,0.0,65.74,24.718,0.91
1037126.0,0.0,14275.0,0.0,102077.733,0.0,1404.998,0.0,41424.0,0.0,0.0,4.077,0.1012,9.9,4472631.0,3400537.0,1072027.0,0.0,44.02,33.47,10.55,0.0,65.74,24.718,0.89
1037126.0,0.0,14275.0,0.0,102077.733,0.0,1404.998,0.0,37510.0,0.0,0.0,3.692,0.1025,9.8,4472631.0,3400537.0,1072027.0,0.0,44.02,33.47,10.55,0.0,65.74,24.718,0.88
1047143.0,10017.0,14301.0,26.0,103063.643,985.91,1407.557,2.559,37510.0,0.0,0.0,3.692,0.0905,11.0,4472631.0,3400537.0,1072027.0,0.0,44.02,33.47,10.55,0.0,65.74,24.718,0.86
1051762.0,4619.0,14349.0,48.0,103518.262,454.619,1412.281,4.724,37510.0,0.0,0.0,3.692,0.0856,11.7,4472631.0,3400537.0,1072027.0,0.0,44.02,33.47,10.55,0.0,65.74,24.718,0.83
1055173.0,3411.0,14351.0,2.0,103853.985,335.723,1412.478,0.197,37510.0,0.0,0.0,3.692,0.0993,10.1,4472631.0,3400537.0,1072027.0,0.0,44.02,33.47,10.55,0.0,65.74,24.718,0.81
1058341.0,3168.0,14366.0,15.0,104165.791,311.806,1413.954,1.476,37510.0,0.0,0.0,3.692,0.0785,12.7,4472631.0,3400537.0,1072027.0,0.0,44.02,33.47,10.55,0.0,65.74,24.718,0.79
1058341.0,0.0,14366.0,0.0,104165.791,0.0,1413.954,0.0,37510.0,0.0,0.0,3.692,0.0796,12.6,4472631.0,3400537.0,1072027.0,0.0,44.02,33.47,10.55,0.0,63.89,24.718,0.78
1058341.0,0.0,14366.0,0.0,104165.791,0.0,1413.954,0.0,37510.0,0.0,0.0,3.692,0.0808,12.4,4927698.0,3650161.0,1277455.0,0.0,48.5,35.93,12.57,0.0,63.89,24.718,0.76
1058341.0,0.0,14366.0,0.0,104165.791,0.0,1413.954,0.0,32800.0,0.0,0.0,3.228,0.0823,12.2,4927698.0,3650161.0,1277455.0,0.0,48.5,35.93,12.57,0.0,63.89,24.718,0.75
1064375.0,6034.0,14396.0,30.0,104759.679,593.888,1416.907,2.953,32800.0,0.0,0.0,3.228,0.0681,14.7,4927698.0,3650161.0,1277455.0,0.0,48.5,35.93,12.57,0.0,63.89,24.718,0.73
1067107.0,2732.0,14436.0,40.0,105028.573,268.893,1420.844,3.937,32800.0,0.0,0.0,3.228,0.0618,16.2,4927698.0,3650161.0,1277455.0,0.0,48.5,35.93,12.57,0.0,63.89,24.718,0.71
1068473.0,1366.0,14451.0,15.0,105163.02,134.447,1422.32,1.476,32800.0,0.0,0.0,3.228,0.0546,18.3,4927698.0,3650161.0,1277455.0,0.0,48.5,35.93,12.57,0.0,63.89,24.718,0.69
1068473.0,0.0,14451.0,0.0,105163.02,0.0,1422.32,0.0,32800.0,0.0,0.0,3.228,0.0424,23.6,4927698.0,3650161.0,1277455.0,0.0,48.5,35.93,12.57,0.0,63.89,24.718,0.7
1068473.0,0.0,14451.0,0.0,105163.02,0.0,1422.32,0.0,32800.0,0.0,0.0,3.228,0.0432,23.1,4927698.0,3650161.0,1277455.0,0.0,48.5,35.93,12.57,0.0,63.89,24.718,0.72
1068473.0,0.0,14451.0,0.0,105163.02,0.0,1422.32,0.0,32800.0,0.0,0.0,3.228,0.0441,22.7,5412574.0,3845952.0,1566529.0,0.0,53.27,37.85,15.42,0.0,63.89,24.718,0.74
1068473.0,0.0,14451.0,0.0,105163.02,0.0,1422.32,0.0,27113.0,0.0,0.0,2.669,0.0452,22.1,5412574.0,3845952.0,1566529.0,0.0,53.27,37.85,15.42,0.0,63.89,24.718,0.75
1068473.0,0.0,14451.0,0.0,105163.02,0.0,1422.32,0.0,27113.0,0.0,0.0,2.669,0.0188,53.3,5412574.0,3845952.0,1566529.0,0.0,53.27,37.85,15.42,0.0,54.63,24.718,0.78
1068473.0,0.0,14451.0,0.0,105163.02,0.0,1422.32,0.0,27113.0,0.0,0.0,2.669,0.0064,155.6,5412574.0,3845952.0,1566529.0,0.0,53.27,37.85,15.42,0.0,54.63,24.718,0.85
1076993.0,8520.0,14512.0,61.0,106001.589,838.57,1428.324,6.004,27113.0,0.0,0.0,2.669,0.0412,24.3,5412574.0,3845952.0,1566529.0,0.0,53.27,37.85,15.42,0.0,54.63,24.718,0.92
1078062.0,1069.0,14523.0,11.0,106106.804,105.215,1429.407,1.083,27113.0,0.0,0.0,2.669,0.0477,21.0,5412574.0,3845952.0,1566529.0,0.0,53.27,37.85,15.42,0.0,54.63,24.718,0.89
1078062.0,0.0,14523.0,0.0,106106.804,0.0,1429.407,0.0,27113.0,0.0,0.0,2.669,0.0491,20.4,5412574.0,3845952.0,1566529.0,0.0,53.27,37.85,15.42,0.0,54.63,24.718,0.84
1078062.0,0.0,14523.0,0.0,106106.804,0.0,1429.407,0.0,27113.0,0.0,0.0,2.669,0.0505,19.8,5997809.0,4062520.0,1935186.0,0.0,59.03,39.98,19.05,0.0,54.63,24.718,0.8
1078062.0,0.0,14523.0,0.0,106106.804,0.0,1429.407,0.0,22353.0,0.0,0.0,2.2,0.0518,19.3,5997809.0,4062520.0,1935186.0,0.0,59.03,39.98,19.05,0.0,54.63,24.718,0.75
1080733.0,2671.0,14546.0,23.0,106369.694,262.89,1431.671,2.264,22353.0,0.0,0.0,2.2,0.068,14.7,5997809.0,4062520.0,1935186.0,0.0,59.03,39.98,19.05,0.0,54.63,24.718,0.72
1081898.0,1165.0,14562.0,16.0,106484.357,114.664,1433.245,1.575,22353.0,0.0,0.0,2.2,0.0765,13.1,5997809.0,4062520.0,1935186.0,0.0,59.03,39.98,19.05,0.0,54.63,24.718,0.67
1082729.0,831.0,14565.0,3.0,106566.147,81.79,1433.541,0.295,22353.0,0.0,0.0,2.2,0.0336,29.8,5997809.0,4062520.0,1935186.0,0.0,59.03,39.98,19.05,0.0,54.63,24.718,0.63
1083456.0,727.0,14574.0,9.0,106637.701,71.554,1434.426,0.886,22353.0,0.0,0.0,2.2,0.0325,30.8,5997809.0,4062520.0,1935186.0,0.0,59.03,39.98,19.05,0.0,54.63,24.718,0.61
1083456.0,0.0,14574.0,0.0,106637.701,0.0,1434.426,0.0,22353.0,0.0,0.0,2.2,0.0335,29.9,5997809.0,4062520.0,1935186.0,0.0,59.03,39.98,19.05,0.0,54.63,24.718,0.59
1083456.0,0.0,14574.0,0.0,106637.701,0.0,1434.426,0.0,22353.0,0.0,0.0,2.2,0.0345,29.0,6678619.0,4332044.0,2346460.0,0.0,65.73,42.64,23.09,0.0,54.63,24.718,0.56
1083456.0,0.0,14574.0,0.0,106637.701,0.0,1434.426,0.0,21588.0,0.0,0.0,2.125,0.0346,28.9,6678619.0,4332044.0,2346460.0,0.0,65.73,42.64,23.09,0.0,54.63,24.718,0.52
1084636.0,1180.0,14574.0,0.0,106753.841,116.14,1434.426,0.0,21588.0,0.0,0.0,2.125,0.0252,39.7,6678619.0,4332044.0,2346460.0,0.0,65.73,42.64,23.09,0.0,54.63,24.718,0.49
1084636.0,0.0,14574.0,0.0,106753.841,0.0,1434.426,0.0,21588.0,0.0,0.0,2.125,0.0178,56.3,6678619.0,4332044.0,2346460.0,0.0,65.73,42.64,23.09,0.0,54.63,24.718,0.47
1084636.0,0.0,14574.0,0.0,106753.841,0.0,1434.426,0.0,21588.0,0.0,0.0,2.125,0.0124,80.4,6678619.0,4332044.0,2346460.0,0.0,65.73,42.64,23.09,0.0,54.63,24.718,0.46
1084636.0,0.0,14574.0,0.0,106753.841,0.0,1434.426,0.0,21588.0,0.0,0.0,2.125,0.0077,129.4,6678619.0,4332044.0,2346460.0,0.0,65.73,42.64,23.09,0.0,54.63,24.718,0.47
1084636.0,0.0,14574.0,0.0,106753.841,0.0,1434.426,0.0,21588.0,0.0,0.0,2.125,0.0078,128.7,6678619.0,4332044.0,2346460.0,0.0,65.73,42.64,23.09,0.0,54.63,24.718,0.5
1084636.0,0.0,14574.0,0.0,106753.841,0.0,1434.426,0.0,21588.0,0.0,0.0,2.125,0.0078,128.1,7451225.0,4635047.0,2816053.0,0.0,73.34,45.62,27.72,0.0,54.63,24.718,0.51
1084636.0,0.0,14574.0,0.0,106753.841,0.0,1434.426,0.0,15173.0,0.0,0.0,1.493,0.0082,122.6,7451225.0,4635047.0,2816053.0,0.0,73.34,45.62,27.72,0.0,54.63,24.718,0.52
1088014.0,3378.0,14608.0,34.0,107086.316,332.475,1437.773,3.346,15173.0,0.0,0.0,1.493,0.0244,40.9,7451225.0,4635047.0,2816053.0,0.0,73.34,45.62,27.72,0.0,54.63,24.718,0.53
1088518.0,504.0,14616.0,8.0,107135.922,49.606,1438.56,0.787,15173.0,0.0,0.0,1.493,0.0294,34.0,7451225.0,4635047.0,2816053.0,0.0,73.34,45.62,27.72,0.0,54.63,24.718,0.54
1088896.0,378.0,14619.0,3.0,107173.126,37.204,1438.855,0.295,15173.0,0.0,0.0,1.493,0.034,29.4,7451225.0,4635047.0,2816053.0,0.0,73.34,45.62,27.72,0.0,54.63,24.718,0.55
1088896.0,0.0,14619.0,0.0,107173.126,0.0,1438.855,0.0,15173.0,0.0,0.0,1.493,0.0358,27.9,7451225.0,4635047.0,2816053.0,0.0,73.34,45.62,27.72,0.0,54.63,24.718,0.57
1088896.0,0.0,14619.0,0.0,107173.126,0.0,1438.855,0.0,15173.0,0.0,0.0,1.493,0.0378,26.4,7451225.0,4635047.0,2816053.0,0.0,73.34,45.62,27.72,0.0,54.63,24.718,0.6
1088896.0,0.0,14619.0,0.0,107173.126,0.0,1438.855,0.0,15173.0,0.0,0.0,1.493,0.0401,24.9,8087607.0,4923255.0,3164216.0,0.0,79.6,48.46,31.14,0.0,54.63,24.718,0.62
1088896.0,0.0,14619.0,0.0,107173.126,0.0,1438.855,0.0,15050.0,0.0,0.0,1.481,0.0402,24.9,8087607.0,4923255.0,3164216.0,0.0,79.6,48.46,31.14,0.0,54.63,24.718,0.65
1089743.0,847.0,14626.0,7.0,107256.491,83.365,1439.544,0.689,15050.0,0.0,0.0,1.481,0.0163,61.3,8087607.0,4923255.0,3164216.0,0.0,79.6,48.46,31.14,0.0,54.63,24.718,0.67
1089990.0,247.0,14629.0,3.0,107280.801,24.311,1439.84,0.295,15050.0,0.0,0.0,1.481,0.0139,71.9,8087607.0,4923255.0,3164216.0,0.0,79.6,48.46,31.14,0.0,54.63,24.718,0.69
1090553.0,563.0,14630.0,1.0,107336.214,55.413,1439.938,0.098,15050.0,0.0,0.0,1.481,0.0157,63.8,8087607.0,4923255.0,3164216.0,0.0,79.6,48.46,31.14,0.0,51.85,24.718,0.73
1090880.0,327.0,14631.0,1.0,107368.398,32.185,1440.037,0.098,15050.0,0.0,0.0,1.481,0.0188,53.2,8087607.0,4923255.0,3164216.0,0.0,79.6,48.46,31.14,0.0,51.85,24.718,0.76
1090880.0,0.0,14631.0,0.0,107368.398,0.0,1440.037,0.0,15050.0,0.0,0.0,1.481,0.0188,53.2,8087607.0,4923255.0,3164216.0,0.0,79.6,48.46,31.14,0.0,51.85,24.718,0.78
1090880.0,0.0,14631.0,0.0,107368.398,0.0,1440.037,0.0,15050.0,0.0,0.0,1.481,0.0188,53.1,8818008.0,5331319.0,3486533.0,0.0,86.79,52.47,34.32,0.0,51.85,24.718,0.8
1090880.0,0.0,14631.0,0.0,107368.398,0.0,1440.037,0.0,11435.0,0.0,0.0,1.125,0.0195,51.3,8818008.0,5331319.0,3486533.0,0.0,86.79,52.47,34.32,0.0,51.85,24.718,0.82
1091730.0,850.0,14633.0,2.0,107452.059,83.66,1440.233,0.197,11435.0,0.0,0.0,1.125,0.0203,49.4,8818008.0,5331319.0,3486533.0,0.0,86.79,52.47,34.32,0.0,51.85,24.718,0.84
1092083.0,353.0,14639.0,6.0,107486.802,34.744,1440.824,0.591,11435.0,0.0,0.0,1.125,0.0221,45.2,8818008.0,5331319.0,3486533.0,0.0,86.79,52.47,34.32,0.0,51.85,24.718,0.86
1092308.0,225.0,14642.0,3.0,107508.947,22.145,1441.119,0.295,11435.0,0.0,0.0,1.125,0.0193,51.8,8818008.0,5331319.0,3486533.0,0.0,86.79,52.47,34.32,0.0,51.85,24.718,0.87
1092540.0,232.0,14643.0,1.0,107531.782,22.834,1441.218,0.098,11435.0,0.0,0.0,1.125,0.019,52.6,8818008.0,5331319.0,3486533.0,0.0,86.79,52.47,34.32,0.0,51.85,24.718,0.9
1092540.0,0.0,14643.0,0.0,107531.782,0.0,1441.218,0.0,11435.0,0.0,0.0,1.125,0.0198,50.4,8818008.0,5331319.0,3486533.0,0.0,86.79,52.47,34.32,0.0,51.85,24.718,0.93
1092540.0,0.0,14643.0,0.0,107531.782,0.0,1441.218,0.0,11435.0,0.0,0.0,1.125,0.0207,48.2,9411816.0,5714602.0,3697051.0,0.0,92.63,56.25,36.39,0.0,51.85,24.718,0.96
1092540.0,0.0,14643.0,0.0,107531.782,0.0,1441.218,0.0,10198.0,0.0,0.0,1.004,0.0211,47.5,9411816.0,5714602.0,3697051.0,0.0,92.63,56.25,36.39,0.0,51.85,24.718,0.99
1093209.0,669.0,14645.0,2.0,107597.627,65.845,1441.414,0.197,10198.0,0.0,0.0,1.004,0.0191,52.5,9411816.0,5714602.0,3697051.0,0.0,92.63,56.25,36.39,0.0,51.85,24.718,1.02
1093576.0,367.0,14642.0,-3.0,107633.749,36.121,1441.119,-0.295,10198.0,0.0,0.0,1.004,0.0196,51.1,9411816.0,5714602.0,3697051.0,0.0,92.63,56.25,36.39,0.0,51.85,24.718,1.06
1093923.0,347.0,14643.0,1.0,107667.902,34.153,1441.218,0.098,10198.0,0.0,0.0,1.004,0.0215,46.5,9411816.0,5714602.0,3697051.0,0.0,92.63,56.25,36.39,0.0,37.04,24.718,1.1
1094287.0,364.0,14646.0,3.0,107703.728,35.826,1441.513,0.295,10198.0,0.0,0.0,1.004,0.0237,42.3,9411816.0,5714602.0,3697051.0,0.0,92.63,56.25,36.39,0.0,37.04,24.718,1.14
1094287.0,0.0,14646.0,0.0,107703.728,0.0,1441.513,0.0,10198.0,0.0,0.0,1.004,0.0241,41.6,9411816.0,5714602.0,3697051.0,0.0,92.63,56.25,36.39,0.0,37.04,24.718,1.17
1094287.0,0.0,14646.0,0.0,107703.728,0.0,1441.513,0.0,10198.0,0.0,0.0,1.004,0.0245,40.9,9919785.0,6062495.0,3857118.0,0.0,97.63,59.67,37.96,0.0,37.04,24.718,1.21
1094287.0,0.0,14646.0,0.0,107703.728,0.0,1441.513,0.0,10592.0,0.0,0.0,1.043,0.0243,41.1,9919785.0,6062495.0,3857118.0,0.0,97.63,59.67,37.96,0.0,37.04,24.718,1.25
1095279.0,992.0,14650.0,4.0,107801.364,97.636,1441.907,0.394,10592.0,0.0,0.0,1.043,0.0287,34.9,9919785.0,6062495.0,3857118.0,0.0,97.63,59.67,37.96,0.0,37.04,24.718,1.28
1095758.0,479.0,14651.0,1.0,107848.509,47.145,1442.005,0.098,10592.0,0.0,0.0,1.043,0.0301,33.3,9919785.0,6062495.0,3857118.0,0.0,97.63,59.67,37.96,0.0,37.04,24.718,1.3
1096341.0,583.0,14651.0,0.0,107905.89,57.381,1442.005,0.0,10592.0,0.0,0.0,1.043,0.0331,30.2,9919785.0,6062495.0,3857118.0,0.0,97.63,59.67,37.96,0.0,37.04,24.718,1.32
1096799.0,458.0,14651.0,0.0,107950.968,45.078,1442.005,0.0,10592.0,0.0,0.0,1.043,0.0342,29.2,9919785.0,6062495.0,3857118.0,0.0,97.63,59.67,37.96,0.0,37.04,24.718,1.34
1096799.0,0.0,14651.0,0.0,107950.968,0.0,1442.005,0.0,10592.0,0.0,0.0,1.043,0.0341,29.4,9919785.0,6062495.0,3857118.0,0.0,97.63,59.67,37.96,0.0,37.04,24.718,1.35
1096799.0,0.0,14651.0,0.0,107950.968,0.0,1442.005,0.0,10592.0,0.0,0.0,1.043,0.0339,29.5,10362634.0,6300169.0,4062280.0,0.0,101.99,62.01,39.98,0.0,37.04,24.718,1.36
1096799.0,0.0,14651.0,0.0,107950.968,0.0,1442.005,0.0,10938.0,0.0,0.0,1.077,0.0337,29.7,10362634.0,6300169.0,4062280.0,0.0,101.99,62.01,39.98,0.0,37.04,24.718,1.38
1098154.0,1355.0,14655.0,4.0,108084.332,133.364,1442.399,0.394,10938.0,0.0,0.0,1.077,0.0384,26.0,10362634.0,6300169.0,4062280.0,0.0,101.99,62.01,39.98,0.0,37.04,24.718,1.4
1098795.0,641.0,14655.0,0.0,108147.422,63.09,1442.399,0.0,10938.0,0.0,0.0,1.077,0.0404,24.8,10362634.0,6300169.0,4062280.0,0.0,101.99,62.01,39.98,0.0,37.04,24.718,1.41
1099414.0,619.0,14656.0,1.0,108208.346,60.924,1442.497,0.098,10938.0,0.0,0.0,1.077,0.0407,24.6,10362634.0,6300169.0,4062280.0,0.0,101.99,62.01,39.98,0.0,37.04,24.718,1.41
1100040.0,626.0,14655.0,-1.0,108269.959,61.613,1442.399,-0.098,10938.0,0.0,0.0,1.077,0.0427,23.4,10362634.0,6300169.0,4062280.0,0.0,101.99,62.01,39.98,0.0,37.04,24.718,1.42
1100040.0,0.0,14655.0,0.0,108269.959,0.0,1442.399,0.0,10938.0,0.0,0.0,1.077,0.0425,23.5,10362634.0,6300169.0,4062280.0,0.0,101.99,62.01,39.98,0.0,37.04,24.718,1.42
1100040.0,0.0,14655.0,0.0,108269.959,0.0,1442.399,0.0,10938.0,0.0,0.0,1.077,0.0423,23.6,10761299.0,6439514.0,4321590.0,0.0,105.92,63.38,42.53,0.0,37.04,24.718,1.43
1100040.0,0.0,14655.0,0.0,108269.959,0.0,1442.399,0.0,12950.0,0.0,0.0,1.275,0.0412,24.2,10761299.0,6439514.0,4321590.0,0.0,105.92,63.38,42.53,0.0,37.04,24.718,1.45
1101900.0,1860.0,14657.0,2.0,108453.027,183.068,1442.596,0.197,12950.0,0.0,0.0,1.275,0.0465,21.5,10761299.0,6439514.0,4321590.0,0.0,105.92,63.38,42.53,0.0,37.04,24.718,1.46
1102829.0,929.0,14657.0,0.0,108544.463,91.436,1442.596,0.0,12950.0,0.0,0.0,1.275,0.0488,20.5,10761299.0,6439514.0,4321590.0,0.0,105.92,63.38,42.53,0.0,37.04,24.718,1.45
1103693.0,864.0,14657.0,0.0,108629.501,85.038,1442.596,0.0,12950.0,0.0,0.0,1.275,0.0506,19.8,10761299.0,6439514.0,4321590.0,0.0,105.92,63.38,42.53,0.0,37.04,24.718,1.44
1104538.0,845.0,14657.0,0.0,108712.669,83.168,1442.596,0.0,12950.0,0.0,0.0,1.275,0.0519,19.3,10761299.0,6439514.0,4321590.0,0.0,105.92,63.38,42.53,0.0,37.04,24.718,1.44
1104538.0,0.0,14657.0,0.0,108712.669,0.0,1442.596,0.0,12950.0,0.0,0.0,1.275,0.0507,19.7,10761299.0,6439514.0,4321590.0,0.0,105.92,63.38,42.53,0.0,37.04,24.718,1.43
1104538.0,0.0,14657.0,0.0,108712.669,0.0,1442.596,0.0,12950.0,0.0,0.0,1.275,0.0496,20.2,11165065.0,6548530.0,4616332.0,0.0,109.89,64.45,45.44,0.0,37.04,24.718,1.42
1104538.0,0.0,14657.0,0.0,108712.669,0.0,1442.596,0.0,14839.0,0.0,0.0,1.461,0.0486,20.6,11165065.0,6548530.0,4616332.0,0.0,109.89,64.45,45.44,0.0,37.04,24.718,1.42
1106821.0,2283.0,14658.0,1.0,108937.37,224.701,1442.694,0.098,14839.0,0.0,0.0,1.461,0.0521,19.2,11165065.0,6548530.0,4616332.0,0.0,109.89,64.45,45.44,0.0,37.04,24.718,1.42
1108057.0,1236.0,14658.0,0.0,109059.022,121.652,1442.694,0.0,14839.0,0.0,0.0,1.461,0.0543,18.4,11165065.0,6548530.0,4616332.0,0.0,109.89,64.45,45.44,0.0,37.04,24.718,1.41
1109112.0,1055.0,14658.0,0.0,109162.859,103.837,1442.694,0.0,14839.0,0.0,0.0,1.461,0.0552,18.1,11165065.0,6548530.0,4616332.0,0.0,109.89,64.45,45.44,0.0,37.04,24.718,1.4
1110147.0,1035.0,14658.0,0.0,109264.727,101.868,1442.694,0.0,14839.0,0.0,0.0,1.461,0.056,17.8,11165065.0,6548530.0,4616332.0,0.0,109.89,64.45,45.44,0.0,37.04,24.718,1.38
1110147.0,0.0,14658.0,0.0,109264.727,0.0,1442.694,0.0,14839.0,0.0,0.0,1.461,0.055,18.2,11165065.0,6548530.0,4616332.0,0.0,109.89,64.45,45.44,0.0,37.04,24.718,1.37
1110147.0,0.0,14658.0,0.0,109264.727,0.0,1442.694,0.0,14839.0,0.0,0.0,1.461,0.054,18.5,11636509.0,6684682.0,4951613.0,0.0,114.53,65.79,48.74,0.0,37.04,24.718,1.36
1110147.0,0.0,14658.0,0.0,109264.727,0.0,1442.694,0.0,17533.0,0.0,0.0,1.726,0.0526,19.0,11636509.0,6684682.0,4951613.0,0.0,114.53,65.79,48.74,0.0,37.04,24.718,1.35
1112958.0,2811.0,14659.0,1.0,109541.396,276.669,1442.792,0.098,17533.0,0.0,0.0,1.726,0.0562,17.8,11636509.0,6684682.0,4951613.0,0.0,114.53,65.79,48.74,0.0,37.04,24.718,1.34
1114278.0,1320.0,14662.0,3.0,109671.315,129.919,1443.088,0.295,17533.0,0.0,0.0,1.726,0.0556,18.0,11636509.0,6684682.0,4951613.0,0.0,114.53,65.79,48.74,0.0,37.04,24.718,1.33
1115566.0,1288.0,14664.0,2.0,109798.085,126.77,1443.284,0.197,17533.0,0.0,0.0,1.726,0.0563,17.8,11636509.0,6684682.0,4951613.0,0.0,114.53,65.79,48.74,0.0,37.04,24.718,1.31
1116584.0,1018.0,14668.0,4.0,109898.28,100.195,1443.678,0.394,17533.0,0.0,0.0,1.726,0.0549,18.2,11636509.0,6684682.0,4951613.0,0.0,114.53,65.79,48.74,0.0,37.04,24.718,1.3
1116584.0,0.0,14668.0,0.0,109898.28,0.0,1443.678,0.0,17533.0,0.0,0.0,1.726,0.0536,18.6,11636509.0,6684682.0,4951613.0,0.0,114.53,65.79,48.74,0.0,37.04,24.718,1.28
1116584.0,0.0,14668.0,0.0,109898.28,0.0,1443.678,0.0,17533.0,0.0,0.0,1.726,0.0524,19.1,12159854.0,6797066.0,5362569.0,0.0,119.68,66.9,52.78,0.0,37.04,24.718,1.27
1116584.0,0.0,14668.0,0.0,109898.28,0.0,1443.678,0.0,26075.0,0.0,0.0,2.566,0.049,20.4,12159854.0,6797066.0,5362569.0,0.0,119.68,66.9,52.78,0.0,37.04,24.718,1.26
1119358.0,2774.0,14670.0,2.0,110171.307,273.027,1443.875,0.197,26075.0,0.0,0.0,2.566,0.0458,21.8,12159854.0,6797066.0,5362569.0,0.0,119.68,66.9,52.78,0.0,37.04,24.718,1.25
1120628.0,1270.0,14674.0,4.0,110296.305,124.998,1444.269,0.394,26075.0,0.0,0.0,2.566,0.0428,23.4,12159854.0,6797066.0,5362569.0,0.0,119.68,66.9,52.78,0.0,37.04,24.718,1.25
1122139.0,1511.0,14682.0,8.0,110445.024,148.718,1445.056,0.787,26075.0,0.0,0.0,2.566,0.0419,23.9,12159854.0,6797066.0,5362569.0,0.0,119.68,66.9,52.78,0.0,37.04,24.718,1.25
1123413.0,1274.0,14685.0,3.0,110570.415,125.392,1445.351,0.295,26075.0,0.0,0.0,2.566,0.0413,24.2,12159854.0,6797066.0,5362569.0,0.0,119.68,66.9,52.78,0.0,37.04,24.718,1.24
1123413.0,0.0,14685.0,0.0,110570.415,0.0,1445.351,0.0,26075.0,0.0,0.0,2.566,0.0393,25.5,12159854.0,6797066.0,5362569.0,0.0,119.68,66.9,52.78,0.0,37.04,24.718,1.23
1123413.0,0.0,14685.0,0.0,110570.415,0.0,1445.351,0.0,26075.0,0.0,0.0,2.566,0.0374,26.7,12635877.0,6889764.0,5745888.0,0.0,124.37,67.81,56.55,0.0,37.04,24.718,1.23
1123413.0,0.0,14685.0,0.0,110570.415,0.0,1445.351,0.0,33806.0,0.0,0.0,3.327,0.0359,27.9,12635877.0,6889764.0,5745888.0,0.0,124.37,67.81,56.55,0.0,37.04,24.718,1.22
1126813.0,3400.0,14692.0,7.0,110905.056,334.64,1446.04,0.689,33806.0,0.0,0.0,3.327,0.0377,26.6,12635877.0,6889764.0,5745888.0,0.0,124.37,67.81,56.55,0.0,37.04,24.718,1.21
1127917.0,1104.0,14692.0,0.0,111013.715,108.66,1446.04,0.0,33806.0,0.0,0.0,3.327,0.0354,28.2,12635877.0,6889764.0,5745888.0,0.0,124.37,67.81,56.55,0.0,37.04,24.718,1.2
1129131.0,1214.0,14692.0,0.0,111133.202,119.486,1446.04,0.0,33806.0,0.0,0.0,3.327,0.0328,30.5,12635877.0,6889764.0,5745888.0,0.0,124.37,67.81,56.55,0.0,37.04,24.718,1.19
1130525.0,1394.0,14692.0,0.0,111270.404,137.203,1446.04,0.0,33806.0,0.0,0.0,3.327,0.0322,31.1,12635877.0,6889764.0,5745888.0,0.0,124.37,67.81,56.55,0.0,37.04,24.718,1.18
1130525.0,0.0,14692.0,0.0,111270.404,0.0,1446.04,0.0,33806.0,0.0,0.0,3.327,0.0311,32.2,12635877.0,6889764.0,5745888.0,0.0,124.37,67.81,56.55,0.0,37.04,24.718,1.17
1130525.0,0.0,14692.0,0.0,111270.404,0.0,1446.04,0.0,33806.0,0.0,0.0,3.327,0.0301,33.3,13009626.0,6966709.0,6042303.0,0.0,128.05,68.57,59.47,0.0,37.04,24.718,1.17
1130525.0,0.0,14692.0,0.0,111270.404,0.0,1446.04,0.0,37493.0,0.0,0.0,3.69,0.0296,33.8,13009626.0,6966709.0,6042303.0,0.0,128.05,68.57,59.47,0.0,37.04,24.718,1.16
1133449.0,2924.0,14699.0,7.0,111558.195,287.791,1446.729,0.689,37493.0,0.0,0.0,3.69,0.0272,36.8,13009626.0,6966709.0,6042303.0,0.0,128.05,68.57,59.47,0.0,37.04,24.718,1.15
1135160.0,1711.0,14700.0,1.0,111726.598,168.403,1446.828,0.098,37493.0,0.0,0.0,3.69,0.0292,34.2,13009626.0,6966709.0,6042303.0,0.0,128.05,68.57,59.47,0.0,37.04,24.718,1.15
1136535.0,1375.0,14702.0,2.0,111861.931,135.333,1447.025,0.197,37493.0,0.0,0.0,3.69,0.0295,34.0,13009626.0,6966709.0,6042303.0,0.0,128.05,68.57,59.47,0.0,37.04,24.718,1.14
1138017.0,1482.0,14703.0,1.0,112007.794,145.864,1447.123,0.098,37493.0,0.0,0.0,3.69,0.0294,34.0,13009626.0,6966709.0,6042303.0,0.0,128.05,68.57,59.47,0.0,37.04,24.718,1.13
1138017.0,0.0,14703.0,0.0,112007.794,0.0,1447.123,0.0,37493.0,0.0,0.0,3.69,0.029,34.5,13009626.0,6966709.0,6042303.0,0.0,128.05,68.57,59.47,0.0,37.04,24.718,1.12
1138017.0,0.0,14703.0,0.0,112007.794,0.0,1447.123,0.0,37493.0,0.0,0.0,3.69,0.0285,35.0,13294250.0,7033384.0,6258478.0,0.0,130.85,69.23,61.6,0.0,37.04,24.718,1.1
1138017.0,0.0,14703.0,0.0,112007.794,0.0,1447.123,0.0,26625.0,0.0,0.0,2.621,0.0298,33.6,13294250.0,7033384.0,6258478.0,0.0,130.85,69.23,61.6,0.0,37.04,24.718,1.09
1141673.0,3656.0,14729.0,26.0,112367.631,359.837,1449.682,2.559,26625.0,0.0,0.0,2.621,0.0342,29.3,13294250.0,7033384.0,6258478.0,0.0,130.85,69.23,61.6,0.0,37.04,24.718,1.08
1142770.0,1097.0,14740.0,11.0,112475.602,107.971,1450.765,1.083,26625.0,0.0,0.0,2.621,0.0331,30.2,13294250.0,7033384.0,6258478.0,0.0,130.85,69.23,61.6,0.0,37.04,24.718,1.05
1143973.0,1203.0,14753.0,13.0,112594.006,118.404,1452.044,1.28,26625.0,0.0,0.0,2.621,0.034,29.4,13294250.0,7033384.0,6258478.0,0.0,130.85,69.23,61.6,0.0,37.04,24.718,1.03
1144982.0,1009.0,14775.0,22.0,112693.315,99.309,1454.21,2.165,26625.0,0.0,0.0,2.621,0.0335,29.9,13294250.0,7033384.0,6258478.0,0.0,130.85,69.23,61.6,0.0,37.04,24.718,1.01
1144982.0,0.0,14775.0,0.0,112693.315,0.0,1454.21,0.0,26625.0,0.0,0.0,2.621,0.0353,28.3,13294250.0,7033384.0,6258478.0,0.0,130.85,69.23,61.6,0.0,37.04,24.718,0.99
1144982.0,0.0,14775.0,0.0,112693.315,0.0,1454.21,0.0,26625.0,0.0,0.0,2.621,0.0374,26.8,13533239.0,7090541.0,6433955.0,0.0,133.2,69.79,63.33,0.0,37.04,24.718,0.97
1144982.0,0.0,14775.0,0.0,112693.315,0.0,1454.21,0.0,23127.0,0.0,0.0,2.276,0.0381,26.3,13533239.0,7090541.0,6433955.0,0.0,133.2,69.79,63.33,0.0,37.04,24.718,0.94
1146968.0,1986.0,14790.0,15.0,112888.785,195.469,1455.686,1.476,23127.0,0.0,0.0,2.276,0.0295,33.9,13533239.0,7090541.0,6433955.0,0.0,133.2,69.79,63.33,0.0,37.04,24.718,0.92
1147879.0,911.0,14809.0,19.0,112978.448,89.664,1457.556,1.87,23127.0,0.0,0.0,2.276,0.029,34.4,13533239.0,7090541.0,6433955.0,0.0,133.2,69.79,63.33,0.0,37.04,24.718,0.92
1148641.0,762.0,14813.0,4.0,113053.447,74.999,1457.95,0.394,23127.0,0.0,0.0,2.276,0.0271,36.9,13533239.0,7090541.0,6433955.0,0.0,133.2,69.79,63.33,0.0,37.04,24.718,0.92
1149407.0,766.0,14821.0,8.0,113128.84,75.393,1458.737,0.787,23127.0,0.0,0.0,2.276,0.0262,38.2,13533239.0,7090541.0,6433955.0,0.0,133.2,69.79,63.33,0.0,37.04,24.718,0.93
1149407.0,0.0,14821.0,0.0,113128.84,0.0,1458.737,0.0,23127.0,0.0,0.0,2.276,0.0268,37.4,13533239.0,7090541.0,6433955.0,0.0,133.2,69.79,63.33,0.0,37.04,24.718,0.94
1149407.0,0.0,14821.0,0.0,113128.84,0.0,1458.737,0.0,23127.0,0.0,0.0,2.276,0.0273,36.6,13717771.0,7135435.0,6564603.0,0.0,135.02,70.23,64.61,0.0,37.04,24.718,0.94
1149407.0,0.0,14821.0,0.0,113128.84,0.0,1458.737,0.0,20461.0,0.0,0.0,2.014,0.0278,36.0,13717771.0,7135435.0,6564603.0,0.0,135.02,70.23,64.61,0.0,37.04,24.718,0.95
1151173.0,1766.0,14850.0,29.0,113302.656,173.816,1461.591,2.854,20461.0,0.0,0.0,2.014,0.0269,37.2,13717771.0,7135435.0,6564603.0,0.0,135.02,70.23,64.61,0.0,37.04,24.718,0.95
1152027.0,854.0,14856.0,6.0,113386.71,84.054,1462.182,0.591,20461.0,0.0,0.0,2.014,0.027,37.1,13717771.0,7135435.0,6564603.0,0.0,135.02,70.23,64.61,0.0,19.44,24.718,0.96
1152886.0,859.0,14864.0,8.0,113471.256,84.546,1462.969,0.787,20461.0,0.0,0.0,2.014,0.0281,35.6,13717771.0,7135435.0,6564603.0,0.0,135.02,70.23,64.61,0.0,19.44,24.718,0.98
1153655.0,769.0,14868.0,4.0,113546.944,75.688,1463.363,0.394,20461.0,0.0,0.0,2.014,0.0286,35.0,13717771.0,7135435.0,6564603.0,0.0,135.02,70.23,64.61,0.0,19.44,24.718,0.99
1153655.0,0.0,14868.0,0.0,113546.944,0.0,1463.363,0.0,20461.0,0.0,0.0,2.014,0.0291,34.3,13717771.0,7135435.0,6564603.0,0.0,135.02,70.23,64.61,0.0,19.44,24.718,1.0
1153655.0,0.0,14868.0,0.0,113546.944,0.0,1463.363,0.0,20461.0,0.0,0.0,2.014,0.0297,33.7,13872853.0,7169821.0,6673165.0,0.0,136.54,70.57,65.68,0.0,19.44,24.718,1.01
1153655.0,0.0,14868.0,0.0,113546.944,0.0,1463.363,0.0,19998.0,0.0,0.0,1.968,0.0298,33.6,13872853.0,7169821.0,6673165.0,0.0,136.54,70.57,65.68,0.0,19.44,24.718,1.01
1155534.0,1879.0,14876.0,8.0,113731.882,184.938,1464.15,0.787,19998.0,0.0,0.0,1.968,0.0306,32.6,13872853.0,7169821.0,6673165.0,0.0,136.54,70.57,65.68,0.0,19.44,24.718,1.02
1156248.0,714.0,14889.0,13.0,113802.156,70.274,1465.43,1.28,19998.0,0.0,0.0,1.968,0.0298,33.6,13872853.0,7169821.0,6673165.0,0.0,136.54,70.57,65.68,0.0,19.44,24.718,1.03
1157083.0,835.0,14904.0,15.0,113884.34,82.184,1466.906,1.476,19998.0,0.0,0.0,1.968,0.0297,33.7,13872853.0,7169821.0,6673165.0,0.0,136.54,70.57,65.68,0.0,19.44,24.718,1.04
1157822.0,739.0,14905.0,1.0,113957.075,72.735,1467.005,0.098,19998.0,0.0,0.0,1.968,0.0296,33.8,13872853.0,7169821.0,6673165.0,0.0,136.54,70.57,65.68,0.0,19.44,24.718,1.05
1157822.0,0.0,14905.0,0.0,113957.075,0.0,1467.005,0.0,19998.0,0.0,0.0,1.968,0.0297,33.7,13872853.0,7169821.0,6673165.0,0.0,136.54,70.57,65.68,0.0,19.44,24.718,1.05
1157822.0,0.0,14905.0,0.0,113957.075,0.0,1467.005,0.0,19998.0,0.0,0.0,1.968,0.0298,33.6,14018165.0,7203463.0,6749024.0,0.0,137.97,70.9,66.43,0.0,19.44,24.718,1.06
1157822.0,0.0,14905.0,0.0,113957.075,0.0,1467.005,0.0,20562.0,0.0,0.0,2.024,0.0296,33.7,14018165.0,7203463.0,6749024.0,0.0,137.97,70.9,66.43,0.0,19.44,24.718,1.07
1159560.0,1738.0,14920.0,15.0,114128.135,171.06,1468.481,1.476,20562.0,0.0,0.0,2.024,0.0285,35.1,14018165.0,7203463.0,6749024.0,0.0,137.97,70.9,66.43,0.0,19.44,24.718,1.07
1160465.0,905.0,14922.0,2.0,114217.209,89.073,1468.678,0.197,20562.0,0.0,0.0,2.024,0.0298,33.6,14018165.0,7203463.0,6749024.0,0.0,137.97,70.9,66.43,0.0,19.44,24.718,1.08
1161264.0,799.0,14926.0,4.0,114295.849,78.641,1469.071,0.394,20562.0,0.0,0.0,2.024,0.0294,34.0,14018165.0,7203463.0,6749024.0,0.0,137.97,70.9,66.43,0.0,19.44,24.718,1.09
1161933.0,669.0,14956.0,30.0,114361.695,65.845,1472.024,2.953,20562.0,0.0,0.0,2.024,0.0288,34.7,14018165.0,7203463.0,6749024.0,0.0,137.97,70.9,66.43,0.0,19.44,24.718,1.1
1161933.0,0.0,14956.0,0.0,114361.695,0.0,1472.024,0.0,20562.0,0.0,0.0,2.024,0.0287,34.9,14018165.0,7203463.0,6749024.0,0.0,137.97,70.9,66.43,0.0,19.44,24.718,1.11
1161933.0,0.0,14956.0,0.0,114361.695,0.0,1472.024,0.0,20562.0,0.0,0.0,2.024,0.0286,35.0,14223866.0,7280528.0,6809599.0,0.0,140.0,71.66,67.02,0.0,19.44,24.718,1.11
1161933.0,0.0,14956.0,0.0,114361.695,0.0,1472.024,0.0,18110.0,0.0,0.0,1.782,0.0291,34.4,14223866.0,7280528.0,6809599.0,0.0,140.0,71.66,67.02,0.0,19.44,24.718,1.12
1163595.0,1662.0,14963.0,7.0,114525.275,163.58,1472.713,0.689,18110.0,0.0,0.0,1.782,0.029,34.5,14223866.0,7280528.0,6809599.0,0.0,140.0,71.66,67.02,0.0,19.44,24.718,1.13
1164402.0,807.0,14985.0,22.0,114604.703,79.428,1474.878,2.165,18110.0,0.0,0.0,1.782,0.0288,34.7,14223866.0,7280528.0,6809599.0,0.0,140.0,71.66,67.02,0.0,19.44,24.718,1.14
1165194.0,792.0,14986.0,1.0,114682.654,77.952,1474.977,0.098,18110.0,0.0,0.0,1.782,0.0293,34.1,14223866.0,7280528.0,6809599.0,0.0,140.0,71.66,67.02,0.0,19.44,24.718,1.17
1165996.0,802.0,14993.0,7.0,114761.59,78.936,1475.666,0.689,18110.0,0.0,0.0,1.782,0.0309,32.4,14223866.0,7280528.0,6809599.0,0.0,140.0,71.66,67.02,0.0,19.44,24.718,1.19
1165996.0,0.0,14993.0,0.0,114761.59,0.0,1475.666,0.0,18110.0,0.0,0.0,1.782,0.0314,31.8,14223866.0,7280528.0,6809599.0,0.0,140.0,71.66,67.02,0.0,19.44,24.718,1.2
1165996.0,0.0,14993.0,0.0,114761.59,0.0,1475.666,0.0,18110.0,0.0,0.0,1.782,0.0321,31.2,14423958.0,7362118.0,6857481.0,0.0,141.97,72.46,67.49,0.0,19.44,24.718,1.22
1165996.0,0.0,14993.0,0.0,114761.59,0.0,1475.666,0.0,17969.0,0.0,0.0,1.769,0.0321,31.2,14423958.0,7362118.0,6857481.0,0.0,141.97,72.46,67.49,0.0,19.44,24.718,1.24
1168271.0,2275.0,15002.0,9.0,114985.504,223.914,1476.552,0.886,17969.0,0.0,0.0,1.769,0.037,27.1,14423958.0,7362118.0,6857481.0,0.0,141.97,72.46,67.49,0.0,19.44,24.718,1.26
1169530.0,1259.0,15016.0,14.0,115109.419,123.915,1477.93,1.378,17969.0,0.0,0.0,1.769,0.0406,24.6,14423958.0,7362118.0,6857481.0,0.0,141.97,72.46,67.49,0.0,19.44,24.718,1.26
1170422.0,892.0,15018.0,2.0,115197.213,87.794,1478.126,0.197,17969.0,0.0,0.0,1.769,0.0414,24.1,14423958.0,7362118.0,6857481.0,0.0,141.97,72.46,67.49,0.0,19.44,24.718,1.26
1171512.0,1090.0,15025.0,7.0,115304.495,107.282,1478.815,0.689,17969.0,0.0,0.0,1.769,0.0438,22.9,14423958.0,7362118.0,6857481.0,0.0,141.97,72.46,67.49,0.0,19.44,24.718,1.26
1171512.0,0.0,15025.0,0.0,115304.495,0.0,1478.815,0.0,17969.0,0.0,0.0,1.769,0.0438,22.8,14423958.0,7362118.0,6857481.0,0.0,141.97,72.46,67.49,0.0,19.44,24.718,1.25
1171512.0,0.0,15025.0,0.0,115304.495,0.0,1478.815,0.0,17969.0,0.0,0.0,1.769,0.0439,22.8,14625785.0,7429779.0,6905208.0,0.0,143.95,73.13,67.96,0.0,19.44,24.718,1.25
1171512.0,0.0,15025.0,0.0,115304.495,0.0,1478.815,0.0,12820.0,0.0,0.0,1.262,0.0457,21.9,14625785.0,7429779.0,6905208.0,0.0,143.95,73.13,67.96,0.0,19.44,24.718,1.25
1174273.0,2761.0,15040.0,15.0,115576.242,271.748,1480.292,1.476,12820.0,0.0,0.0,1.262,0.052,19.2,14625785.0,7429779.0,6905208.0,0.0,143.95,73.13,67.96,0.0,19.44,24.718,1.24
1175425.0,1152.0,15043.0,3.0,115689.627,113.384,1480.587,0.295,12820.0,0.0,0.0,1.262,0.0534,18.7,14625785.0,7429779.0,6905208.0,0.0,143.95,73.13,67.96,0.0,19.44,24.718,1.23
1176269.0,844.0,15050.0,7.0,115772.696,83.07,1481.276,0.689,12820.0,0.0,0.0,1.262,0.0556,18.0,14625785.0,7429779.0,6905208.0,0.0,143.95,73.13,67.96,0.0,19.44,24.718,1.22
1177094.0,825.0,15057.0,7.0,115853.896,81.2,1481.965,0.689,12820.0,0.0,0.0,1.262,0.0558,17.9,14625785.0,7429779.0,6905208.0,0.0,143.95,73.13,67.96,0.0,19.44,24.718,1.21
1177094.0,0.0,15057.0,0.0,115853.896,0.0,1481.965,0.0,12820.0,0.0,0.0,1.262,0.0588,17.0,14625785.0,7429779.0,6905208.0,0.0,143.95,73.13,67.96,0.0,19.44,24.718,1.21
1177094.0,0.0,15057.0,0.0,115853.896,0.0,1481.965,0.0,12820.0,0.0,0.0,1.262,0.0622,16.1,14755590.0,7448442.0,6936480.0,0.0,145.23,73.31,68.27,0.0,19.44,24.718,1.2
1177094.0,0.0,15057.0,0.0,115853.896,0.0,1481.965,0.0,14910.0,0.0,0.0,1.467,0.0608,16.5,14755590.0,7448442.0,6936480.0,0.0,145.23,73.31,68.27,0.0,19.44,24.718,1.2
1179192.0,2098.0,15065.0,8.0,116060.388,206.493,1482.752,0.787,14910.0,0.0,0.0,1.467,0.0524,19.1,14755590.0,7448442.0,6936480.0,0.0,145.23,73.31,68.27,0.0,19.44,24.718,1.2
1180518.0,1326.0,15076.0,11.0,116190.898,130.51,1483.835,1.083,14910.0,0.0,0.0,1.467,0.053,18.9,14755590.0,7448442.0,6936480.0,0.0,145.23,73.31,68.27,0.0,19.44,24.718,1.21
1181532.0,1014.0,15078.0,2.0,116290.7,99.802,1484.032,0.197,14910.0,0.0,0.0,1.467,0.0537,18.6,14755590.0,7448442.0,6936480.0,0.0,145.23,73.31,68.27,0.0,19.44,24.718,1.23
1182471.0,939.0,15082.0,4.0,116383.12,92.42,1484.426,0.394,14910.0,0.0,0.0,1.467,0.0537,18.6,14755590.0,7448442.0,6936480.0,0.0,145.23,73.31,68.27,0.0,19.44,24.718,1.24
1182471.0,0.0,15082.0,0.0,116383.12,0.0,1484.426,0.0,14910.0,0.0,0.0,1.467,0.0526,19.0,14755590.0,7448442.0,6936480.0,0.0,145.23,73.31,68.27,0.0,19.44,24.718,1.26
1182471.0,0.0,15082.0,0.0,116383.12,0.0,1484.426,0.0,14910.0,0.0,0.0,1.467,0.0515,19.4,15067973.0,7491183.0,6991166.0,0.0,148.3,73.73,68.81,0.0,19.44,24.718,1.27
1182471.0,0.0,15082.0,0.0,116383.12,0.0,1484.426,0.0,18116.0,0.0,0.0,1.783,0.05,20.0,15067973.0,7491183.0,6991166.0,0.0,148.3,73.73,68.81,0.0,19.44,24.718,1.28
1185093.0,2622.0,15094.0,12.0,116641.186,258.067,1485.607,1.181,18116.0,0.0,0.0,1.783,0.0533,18.8,15067973.0,7491183.0,6991166.0,0.0,148.3,73.73,68.81,0.0,19.44,24.718,1.3
1186387.0,1294.0,15107.0,13.0,116768.547,127.36,1486.886,1.28,18116.0,0.0,0.0,1.783,0.0515,19.4,15067973.0,7491183.0,6991166.0,0.0,148.3,73.73,68.81,0.0,19.44,24.718,1.32
1187607.0,1220.0,15109.0,2.0,116888.623,120.077,1487.083,0.197,18116.0,0.0,0.0,1.783,0.0518,19.3,15067973.0,7491183.0,6991166.0,0.0,148.3,73.73,68.81,0.0,19.44,24.718,1.34
1188735.0,1128.0,15110.0,1.0,116999.645,111.022,1487.181,0.098,18116.0,0.0,0.0,1.783,0.052,19.2,15067973.0,7491183.0,6991166.0,0.0,148.3,73.73,68.81,0.0,19.44,24.718,1.37
1188735.0,0.0,15110.0,0.0,116999.645,0.0,1487.181,0.0,18116.0,0.0,0.0,1.783,0.0507,19.7,15067973.0,7491183.0,6991166.0,0.0,148.3,73.73,68.81,0.0,19.44,24.718,1.4
1188735.0,0.0,15110.0,0.0,116999.645,0.0,1487.181,0.0,18116.0,0.0,0.0,1.783,0.0494,20.2,15470128.0,7534726.0,7056316.0,0.0,152.26,74.16,69.45,0.0,19.44,24.718,1.42
1188735.0,0.0,15110.0,0.0,116999.645,0.0,1487.181,0.0,33245.0,0.0,0.0,3.272,0.0441,22.7,15470128.0,7534726.0,7056316.0,0.0,152.26,74.16,69.45,0.0,19.44,24.718,1.45
1192560.0,3825.0,15126.0,16.0,117376.116,376.47,1488.756,1.575,33245.0,0.0,0.0,3.272,0.0475,21.0,15470128.0,7534726.0,7056316.0,0.0,152.26,74.16,69.45,0.0,19.44,24.718,1.48
1194636.0,2076.0,15142.0,16.0,117580.443,204.328,1490.331,1.575,33245.0,0.0,0.0,3.272,0.0479,20.9,15470128.0,7534726.0,7056316.0,0.0,152.26,74.16,69.45,0.0,19.44,24.718,1.5
1196688.0,2052.0,15142.0,0.0,117782.409,201.965,1490.331,0.0,33245.0,0.0,0.0,3.272,0.0485,20.6,15470128.0,7534726.0,7056316.0,0.0,152.26,74.16,69.45,0.0,19.44,24.718,1.51
1198848.0,2160.0,15145.0,3.0,117995.004,212.595,1490.626,0.295,33245.0,0.0,0.0,3.272,0.05,20.0,15470128.0,7534726.0,7056316.0,0.0,152.26,74.16,69.45,0.0,19.44,24.718,1.51
1198848.0,0.0,15145.0,0.0,117995.004,0.0,1490.626,0.0,33245.0,0.0,0.0,3.272,0.0465,21.5,15470128.0,7534726.0,7056316.0,0.0,152.26,74.16,69.45,0.0,19.44,24.718,1.51
1198848.0,0.0,15145.0,0.0,117995.004,0.0,1490.626,0.0,33245.0,0.0,0.0,3.272,0.0435,23.0,15894277.0,7580465.0,7133374.0,0.0,156.44,74.61,70.21,0.0,19.44,24.718,1.51
1198848.0,0.0,15145.0,0.0,117995.004,0.0,1490.626,0.0,40236.0,0.0,0.0,3.96,0.0422,23.7,15894277.0,7580465.0,7133374.0,0.0,156.44,74.61,70.21,0.0,19.44,24.718,1.51
1204859.0,6011.0,15151.0,6.0,118586.628,591.625,1491.217,0.591,40236.0,0.0,0.0,3.96,0.0499,20.1,15894277.0,7580465.0,7133374.0,0.0,156.44,74.61,70.21,0.0,19.44,24.718,1.52
1207498.0,2639.0,15161.0,10.0,118846.368,259.74,1492.201,0.984,40236.0,0.0,0.0,3.96,0.0507,19.7,15894277.0,7580465.0,7133374.0,0.0,156.44,74.61,70.21,0.0,19.44,24.718,1.51
1209935.0,2437.0,15164.0,3.0,119086.227,239.858,1492.496,0.295,40236.0,0.0,0.0,3.96,0.0508,19.7,15894277.0,7580465.0,7133374.0,0.0,156.44,74.61,70.21,0.0,19.44,24.718,1.5
1212145.0,2210.0,15170.0,6.0,119303.743,217.516,1493.087,0.591,40236.0,0.0,0.0,3.96,0.0497,20.1,15894277.0,7580465.0,7133374.0,0.0,156.44,74.61,70.21,0.0,19.44,24.718,1.49
1212145.0,0.0,15170.0,0.0,119303.743,0.0,1493.087,0.0,40236.0,0.0,0.0,3.96,0.0484,20.7,15894277.0,7580465.0,7133374.0,0.0,156.44,74.61,70.21,0.0,19.44,24.718,1.49
1212145.0,0.0,15170.0,0.0,119303.743,0.0,1493.087,0.0,40236.0,0.0,0.0,3.96,0.0472,21.2,16321151.0,7626616.0,7204186.0,0.0,160.64,75.06,70.91,0.0,19.44,24.718,1.48
1212145.0,0.0,15170.0,0.0,119303.743,0.0,1493.087,0.0,49406.0,0.0,0.0,4.863,0.0457,21.9,16321151.0,7626616.0,7204186.0,0.0,160.64,75.06,70.91,0.0,19.44,24.718,1.48
1219557.0,7412.0,15177.0,7.0,120033.259,729.516,1493.776,0.689,49406.0,0.0,0.0,4.863,0.049,20.4,16321151.0,7626616.0,7204186.0,0.0,160.64,75.06,70.91,0.0,19.44,24.718,1.48
1222892.0,3335.0,15184.0,7.0,120361.502,328.243,1494.465,0.689,49406.0,0.0,0.0,4.863,0.0498,20.1,16321151.0,7626616.0,7204186.0,0.0,160.64,75.06,70.91,0.0,19.44,24.718,1.47
1226055.0,3163.0,15185.0,1.0,120672.816,311.314,1494.563,0.098,49406.0,0.0,0.0,4.863,0.0506,19.7,16321151.0,7626616.0,7204186.0,0.0,160.64,75.06,70.91,0.0,19.44,24.718,1.47
1229217.0,3162.0,15191.0,6.0,120984.032,311.216,1495.154,0.591,49406.0,0.0,0.0,4.863,0.0521,19.2,16321151.0,7626616.0,7204186.0,0.0,160.64,75.06,70.91,0.0,19.44,24.718,1.47
1229217.0,0.0,15191.0,0.0,120984.032,0.0,1495.154,0.0,49406.0,0.0,0.0,4.863,0.0507,19.7,16321151.0,7626616.0,7204186.0,0.0,160.64,75.06,70.91,0.0,19.44,24.718,1.46
1229217.0,0.0,15191.0,0.0,120984.032,0.0,1495.154,0.0,49406.0,0.0,0.0,4.863,0.0494,20.3,16782182.0,7673780.0,7274675.0,0.0,165.18,75.53,71.6,0.0,19.44,24.718,1.45
1229217.0,0.0,15191.0,0.0,120984.032,0.0,1495.154,0.0,56966.0,0.0,0.0,5.607,0.0483,20.7,16782182.0,7673780.0,7274675.0,0.0,165.18,75.53,71.6,0.0,19.44,24.718,1.45
1238689.0,9472.0,15204.0,13.0,121916.301,932.269,1496.433,1.28,56966.0,0.0,0.0,5.607,0.053,18.9,16782182.0,7673780.0,7274675.0,0.0,165.18,75.53,71.6,0.0,19.44,24.718,1.44
1242733.0,4044.0,15221.0,17.0,122314.326,398.025,1498.106,1.673,56966.0,0.0,0.0,5.607,0.0538,18.6,16782182.0,7673780.0,7274675.0,0.0,165.18,75.53,71.6,0.0,19.44,24.718,1.44
1246755.0,4022.0,15226.0,5.0,122710.186,395.86,1498.599,0.492,56966.0,0.0,0.0,5.607,0.055,18.2,16782182.0,7673780.0,7274675.0,0.0,165.18,75.53,71.6,0.0,19.44,24.718,1.43
1250885.0,4130.0,15231.0,5.0,123116.676,406.49,1499.091,0.492,56966.0,0.0,0.0,5.607,0.0565,17.7,17049272.0,7707313.0,7326603.0,2015251.0,167.81,75.86,72.11,19.83,19.44,24.718,1.43
1250885.0,0.0,15231.0,0.0,123116.676,0.0,1499.091,0.0,56966.0,0.0,0.0,5.607,0.0554,18.1,17049272.0,7707313.0,7326603.0,2015251.0,167.81,75.86,72.11,19.83,19.44,24.718,1.42
1250885.0,0.0,15231.0,0.0,123116.676,0.0,1499.091,0.0,56966.0,0.0,0.0,5.607,0.0543,18.4,17049272.0,7707313.0,7326603.0,2015251.0,167.81,75.86,72.11,19.83,19.44,24.718,1.41
1250885.0,0.0,15231.0,0.0,123116.676,0.0,1499.091,0.0,56966.0,0.0,0.0,5.607,0.0543,18.4,17049272.0,7707313.0,7326603.0,2015251.0,167.81,75.86,72.11,19.83,19.44,24.718,1.39
1263566.0,12681.0,15242.0,11.0,124364.786,1248.11,1500.173,1.083,56966.0,0.0,0.0,5.607,0.0543,18.4,17283455.0,7725972.0,7335704.0,2201667.0,170.11,76.04,72.2,21.67,19.44,24.718,1.38
1268254.0,4688.0,15259.0,17.0,124826.196,461.41,1501.847,1.673,56966.0,0.0,0.0,5.607,0.0543,18.4,17283455.0,7725972.0,7335704.0,2201667.0,170.11,76.04,72.2,21.67,19.44,24.718,1.37
1273313.0,5059.0,15265.0,6.0,125324.121,497.925,1502.437,0.591,56966.0,0.0,0.0,5.607,0.0543,18.4,17401816.0,7737026.0,7346375.0,2318300.0,171.28,76.15,72.31,22.82,19.44,24.718,1.35
1273313.0,0.0,15265.0,0.0,125324.121,0.0,1502.437,0.0,56966.0,0.0,0.0,5.607,0.0543,18.4,17401816.0,7737026.0,7346375.0,2318300.0,171.28,76.15,72.31,22.82,19.44,24.718,1.34
1273313.0,0.0,15265.0,0.0,125324.121,0.0,1502.437,0.0,56966.0,0.0,0.0,5.607,0.0543,18.4,17401816.0,7737026.0,7346375.0,2318300.0,171.28,76.15,72.31,22.82,19.44,24.718,1.34
1273313.0,0.0,15265.0,0.0,125324.121,0.0,1502.437,0.0,56966.0,0.0,0.0,5.607,0.0543,18.4,17401816.0,7737026.0,7346375.0,2318300.0,171.28,76.15,72.31,22.82,19.44,24.718,1.34
1273313.0,0.0,15265.0,0.0,125324.121,0.0,1502.437,0.0,56966.0,0.0,0.0,5.607,0.0543,18.4,17401816.0,7737026.0,7346375.0,2318300.0,171.28,76.15,72.31,22.82,19.44,24.718,1.34
